#
# There is insufficient memory for the Java Runtime Environment to continue.
# Native memory allocation (malloc) failed to allocate 1452176 bytes. Error detail: Chunk::new
# Possible reasons:
#   The system is out of physical RAM or swap space
#   This process is running with CompressedOops enabled, and the Java Heap may be blocking the growth of the native heap
# Possible solutions:
#   Reduce memory load on the system
#   Increase physical memory or swap space
#   Check if swap backing store is full
#   Decrease Java heap size (-Xmx/-Xms)
#   Decrease number of Java threads
#   Decrease Java thread stack sizes (-Xss)
#   Set larger code cache with -XX:ReservedCodeCacheSize=
#   JVM is running with Unscaled Compressed Oops mode in which the Java heap is
#     placed in the first 4GB address space. The Java Heap base address is the
#     maximum limit for the native heap growth. Please use -XX:HeapBaseMinAddress
#     to set the Java Heap base and to place the Java Heap above 4GB virtual address.
# This output file may be truncated or incomplete.
#
#  Out of Memory Error (arena.cpp:168), pid=13748, tid=12348
#
# JRE version: OpenJDK Runtime Environment (21.0.5) (build 21.0.5+-12932927-b750.29)
# Java VM: OpenJDK 64-Bit Server VM (21.0.5+-12932927-b750.29, mixed mode, tiered, compressed oops, compressed class ptrs, g1 gc, windows-amd64)
# No core dump will be written. Minidumps are not enabled by default on client versions of Windows
#

---------------  S U M M A R Y ------------

Command Line: --add-opens=java.base/java.lang=ALL-UNNAMED --add-opens=java.base/java.lang.invoke=ALL-UNNAMED --add-opens=java.base/java.util=ALL-UNNAMED --add-opens=java.prefs/java.util.prefs=ALL-UNNAMED --add-exports=jdk.compiler/com.sun.tools.javac.api=ALL-UNNAMED --add-exports=jdk.compiler/com.sun.tools.javac.util=ALL-UNNAMED --add-opens=java.base/java.util=ALL-UNNAMED --add-opens=java.prefs/java.util.prefs=ALL-UNNAMED --add-opens=java.base/java.nio.charset=ALL-UNNAMED --add-opens=java.base/java.net=ALL-UNNAMED --add-opens=java.base/java.util.concurrent.atomic=ALL-UNNAMED --add-opens=java.xml/javax.xml.namespace=ALL-UNNAMED -Xmx2048m -Dfile.encoding=UTF-8 -Duser.country=US -Duser.language=en -Duser.variant -javaagent:C:\Users\yassi\.gradle\wrapper\dists\gradle-8.11.1-bin\bpt9gzteqjrbo1mjrsomdt32c\gradle-8.11.1\lib\agents\gradle-instrumentation-agent-8.11.1.jar org.gradle.launcher.daemon.bootstrap.GradleDaemon 8.11.1

Host: AMD Ryzen 5 3500U with Radeon Vega Mobile Gfx  , 8 cores, 5G,  Windows 11 , 64 bit Build 26100 (10.0.26100.3323)
Time: Sun Apr  6 23:21:40 2025 Morocco Daylight Time elapsed time: 1491.236911 seconds (0d 0h 24m 51s)

---------------  T H R E A D  ---------------

Current thread (0x0000024ae37996b0):  JavaThread "C2 CompilerThread0" daemon [_thread_in_native, id=12348, stack(0x000000898ce00000,0x000000898cf00000) (1024K)]


Current CompileTask:
C2:1491237 16876       4       org.gradle.api.internal.artifacts.transform.TransformStep::lambda$createInvocation$2 (93 bytes)

Stack: [0x000000898ce00000,0x000000898cf00000]
Native frames: (J=compiled Java code, j=interpreted, Vv=VM code, C=native code)
V  [jvm.dll+0x6cfb29]
V  [jvm.dll+0x85ded3]
V  [jvm.dll+0x86042e]
V  [jvm.dll+0x860b13]
V  [jvm.dll+0x27e6b6]
V  [jvm.dll+0xbff6d]
V  [jvm.dll+0xc04a3]
V  [jvm.dll+0x3b5fc1]
V  [jvm.dll+0x381f97]
V  [jvm.dll+0x38140a]
V  [jvm.dll+0x247c62]
V  [jvm.dll+0x247231]
V  [jvm.dll+0x1c5ee4]
V  [jvm.dll+0x25697c]
V  [jvm.dll+0x254ec6]
V  [jvm.dll+0x3f0ce6]
V  [jvm.dll+0x806368]
V  [jvm.dll+0x6ce3fd]
C  [ucrtbase.dll+0x37b0]
C  [KERNEL32.DLL+0x2e8d7]
C  [ntdll.dll+0xbbf6c]


---------------  P R O C E S S  ---------------

Threads class SMR info:
_java_thread_list=0x0000024aec7da8f0, length=83, elements={
0x0000024acbedd7e0, 0x0000024ae3724960, 0x0000024ae3756ea0, 0x0000024ae37aa170,
0x0000024ae3758070, 0x0000024ae37b3760, 0x0000024ae37984e0, 0x0000024ae37996b0,
0x0000024ae3777b60, 0x0000024ae3916b90, 0x0000024ae803fb30, 0x0000024ae9a3f8e0,
0x0000024ae9b2efa0, 0x0000024ae99e3440, 0x0000024ae80c0db0, 0x0000024ae80c1440,
0x0000024ae80c3510, 0x0000024ae80c0720, 0x0000024ae80c27f0, 0x0000024aeac378d0,
0x0000024aea0751f0, 0x0000024aee140760, 0x0000024aee141480, 0x0000024aee143550,
0x0000024aee1421a0, 0x0000024aee142830, 0x0000024aee1400d0, 0x0000024aee143be0,
0x0000024aee142ec0, 0x0000024aee144270, 0x0000024aee140df0, 0x0000024aee1469d0,
0x0000024aee145620, 0x0000024aecf1c150, 0x0000024aecf1a080, 0x0000024aecf1a710,
0x0000024aecf18cd0, 0x0000024aecf1e8b0, 0x0000024aecf1fc60, 0x0000024aecf1c7e0,
0x0000024aecf1d500, 0x0000024aecf1db90, 0x0000024aea6bccc0, 0x0000024aea6bed90,
0x0000024aea6bbfa0, 0x0000024aea6c0e60, 0x0000024aea6bfab0, 0x0000024aea6c0140,
0x0000024aea6bf420, 0x0000024aea6c07d0, 0x0000024aea6bd9e0, 0x0000024aea6c14f0,
0x0000024aea6c2210, 0x0000024aea6c2f30, 0x0000024aea6c35c0, 0x0000024aea6c1b80,
0x0000024aea6c28a0, 0x0000024aec5e6a20, 0x0000024aec5e4950, 0x0000024aec5e6390,
0x0000024aec5e5670, 0x0000024aec5e4fe0, 0x0000024aec5e5d00, 0x0000024aec5e70b0,
0x0000024aec5e9ea0, 0x0000024aec5ea530, 0x0000024aec5e7740, 0x0000024aec5eb250,
0x0000024aec5e7dd0, 0x0000024aeac35170, 0x0000024aeac37240, 0x0000024aed76eb50,
0x0000024aea647410, 0x0000024aea6466f0, 0x0000024aea645340, 0x0000024aebbb3750,
0x0000024aea644cb0, 0x0000024aea646d80, 0x0000024aea643f90, 0x0000024aea647aa0,
0x0000024aea6459d0, 0x0000024aea644620, 0x0000024aea649b70
}

Java Threads: ( => current thread )
  0x0000024acbedd7e0 JavaThread "main"                              [_thread_blocked, id=13116, stack(0x000000898c000000,0x000000898c100000) (1024K)]
  0x0000024ae3724960 JavaThread "Reference Handler"          daemon [_thread_blocked, id=4196, stack(0x000000898c800000,0x000000898c900000) (1024K)]
  0x0000024ae3756ea0 JavaThread "Finalizer"                  daemon [_thread_blocked, id=14832, stack(0x000000898c900000,0x000000898ca00000) (1024K)]
  0x0000024ae37aa170 JavaThread "Signal Dispatcher"          daemon [_thread_blocked, id=12300, stack(0x000000898ca00000,0x000000898cb00000) (1024K)]
  0x0000024ae3758070 JavaThread "Attach Listener"            daemon [_thread_blocked, id=1612, stack(0x000000898cb00000,0x000000898cc00000) (1024K)]
  0x0000024ae37b3760 JavaThread "Service Thread"             daemon [_thread_blocked, id=22252, stack(0x000000898cc00000,0x000000898cd00000) (1024K)]
  0x0000024ae37984e0 JavaThread "Monitor Deflation Thread"   daemon [_thread_blocked, id=13596, stack(0x000000898cd00000,0x000000898ce00000) (1024K)]
=>0x0000024ae37996b0 JavaThread "C2 CompilerThread0"         daemon [_thread_in_native, id=12348, stack(0x000000898ce00000,0x000000898cf00000) (1024K)]
  0x0000024ae3777b60 JavaThread "C1 CompilerThread0"         daemon [_thread_blocked, id=13216, stack(0x000000898cf00000,0x000000898d000000) (1024K)]
  0x0000024ae3916b90 JavaThread "Common-Cleaner"             daemon [_thread_blocked, id=21192, stack(0x000000898d000000,0x000000898d100000) (1024K)]
  0x0000024ae803fb30 JavaThread "Notification Thread"        daemon [_thread_blocked, id=10796, stack(0x000000898d100000,0x000000898d200000) (1024K)]
  0x0000024ae9a3f8e0 JavaThread "Daemon health stats"               [_thread_blocked, id=17504, stack(0x000000898d200000,0x000000898d300000) (1024K)]
  0x0000024ae9b2efa0 JavaThread "Incoming local TCP Connector on port 61610"        [_thread_in_native, id=13100, stack(0x000000898d700000,0x000000898d800000) (1024K)]
  0x0000024ae99e3440 JavaThread "Daemon periodic checks"            [_thread_blocked, id=9188, stack(0x000000898d900000,0x000000898da00000) (1024K)]
  0x0000024ae80c0db0 JavaThread "Cache worker for journal cache (C:\Users\yassi\.gradle\caches\journal-1)"        [_thread_blocked, id=20112, stack(0x000000898e500000,0x000000898e600000) (1024K)]
  0x0000024ae80c1440 JavaThread "File lock request listener"        [_thread_in_native, id=13204, stack(0x000000898e600000,0x000000898e700000) (1024K)]
  0x0000024ae80c3510 JavaThread "Cache worker for file hash cache (C:\Users\yassi\.gradle\caches\8.11.1\fileHashes)"        [_thread_blocked, id=18500, stack(0x000000898e700000,0x000000898e800000) (1024K)]
  0x0000024ae80c0720 JavaThread "Cache worker for file content cache (C:\Users\yassi\.gradle\caches\8.11.1\fileContent)"        [_thread_blocked, id=1564, stack(0x000000898e900000,0x000000898ea00000) (1024K)]
  0x0000024ae80c27f0 JavaThread "File watcher server"        daemon [_thread_in_native, id=4068, stack(0x000000898ec00000,0x000000898ed00000) (1024K)]
  0x0000024aeac378d0 JavaThread "File watcher consumer"      daemon [_thread_blocked, id=8428, stack(0x000000898ed00000,0x000000898ee00000) (1024K)]
  0x0000024aea0751f0 JavaThread "Memory manager"                    [_thread_blocked, id=18052, stack(0x0000008990600000,0x0000008990700000) (1024K)]
  0x0000024aee140760 JavaThread "Daemon Thread 2"                   [_thread_blocked, id=10548, stack(0x000000898bc00000,0x000000898bd00000) (1024K)]
  0x0000024aee141480 JavaThread "Handler for socket connection from /127.0.0.1:61610 to /127.0.0.1:61960"        [_thread_in_native, id=6412, stack(0x000000898bd00000,0x000000898be00000) (1024K)]
  0x0000024aee143550 JavaThread "Cancel handler"                    [_thread_blocked, id=16480, stack(0x000000898be00000,0x000000898bf00000) (1024K)]
  0x0000024aee1421a0 JavaThread "Daemon worker Thread 2"            [_thread_blocked, id=12712, stack(0x000000898d800000,0x000000898d900000) (1024K)]
  0x0000024aee142830 JavaThread "Asynchronous log dispatcher for DefaultDaemonConnection: socket connection from /127.0.0.1:61610 to /127.0.0.1:61960"        [_thread_blocked, id=23240, stack(0x000000898da00000,0x000000898db00000) (1024K)]
  0x0000024aee1400d0 JavaThread "Stdin handler"                     [_thread_blocked, id=23064, stack(0x000000898db00000,0x000000898dc00000) (1024K)]
  0x0000024aee143be0 JavaThread "Daemon client event forwarder"        [_thread_blocked, id=13780, stack(0x000000898dc00000,0x000000898dd00000) (1024K)]
  0x0000024aee142ec0 JavaThread "Cache worker for file hash cache (C:\Users\yassi\AndroidStudioProjects\KryDarK\.gradle\8.11.1\fileHashes)"        [_thread_blocked, id=22028, stack(0x000000898dd00000,0x000000898de00000) (1024K)]
  0x0000024aee144270 JavaThread "Cache worker for Build Output Cleanup Cache (C:\Users\yassi\AndroidStudioProjects\KryDarK\.gradle\buildOutputCleanup)"        [_thread_blocked, id=15400, stack(0x000000898de00000,0x000000898df00000) (1024K)]
  0x0000024aee140df0 JavaThread "Cache worker for checksums cache (C:\Users\yassi\AndroidStudioProjects\KryDarK\.gradle\8.11.1\checksums)"        [_thread_blocked, id=4992, stack(0x000000898df00000,0x000000898e000000) (1024K)]
  0x0000024aee1469d0 JavaThread "Cache worker for cache directory md-rule (C:\Users\yassi\.gradle\caches\8.11.1\md-rule)"        [_thread_blocked, id=15468, stack(0x000000898e000000,0x000000898e100000) (1024K)]
  0x0000024aee145620 JavaThread "Cache worker for cache directory md-supplier (C:\Users\yassi\.gradle\caches\8.11.1\md-supplier)"        [_thread_blocked, id=18996, stack(0x000000898e800000,0x000000898e900000) (1024K)]
  0x0000024aecf1c150 JavaThread "Unconstrained build operations"        [_thread_blocked, id=21776, stack(0x000000898ea00000,0x000000898eb00000) (1024K)]
  0x0000024aecf1a080 JavaThread "Unconstrained build operations Thread 2"        [_thread_blocked, id=7544, stack(0x000000898eb00000,0x000000898ec00000) (1024K)]
  0x0000024aecf1a710 JavaThread "Unconstrained build operations Thread 3"        [_thread_blocked, id=15700, stack(0x000000898ee00000,0x000000898ef00000) (1024K)]
  0x0000024aecf18cd0 JavaThread "Unconstrained build operations Thread 4"        [_thread_blocked, id=8176, stack(0x000000898ef00000,0x000000898f000000) (1024K)]
  0x0000024aecf1e8b0 JavaThread "Unconstrained build operations Thread 5"        [_thread_blocked, id=10984, stack(0x000000898f000000,0x000000898f100000) (1024K)]
  0x0000024aecf1fc60 JavaThread "Unconstrained build operations Thread 6"        [_thread_blocked, id=22884, stack(0x000000898f100000,0x000000898f200000) (1024K)]
  0x0000024aecf1c7e0 JavaThread "Unconstrained build operations Thread 7"        [_thread_blocked, id=7964, stack(0x000000898f200000,0x000000898f300000) (1024K)]
  0x0000024aecf1d500 JavaThread "Unconstrained build operations Thread 8"        [_thread_blocked, id=19712, stack(0x000000898f400000,0x000000898f500000) (1024K)]
  0x0000024aecf1db90 JavaThread "Unconstrained build operations Thread 9"        [_thread_blocked, id=5480, stack(0x000000898f500000,0x000000898f600000) (1024K)]
  0x0000024aea6bccc0 JavaThread "Unconstrained build operations Thread 10"        [_thread_blocked, id=16040, stack(0x000000898f600000,0x000000898f700000) (1024K)]
  0x0000024aea6bed90 JavaThread "Unconstrained build operations Thread 11"        [_thread_blocked, id=17124, stack(0x000000898f700000,0x000000898f800000) (1024K)]
  0x0000024aea6bbfa0 JavaThread "Unconstrained build operations Thread 12"        [_thread_blocked, id=12612, stack(0x000000898f800000,0x000000898f900000) (1024K)]
  0x0000024aea6c0e60 JavaThread "Unconstrained build operations Thread 13"        [_thread_blocked, id=17660, stack(0x000000898f900000,0x000000898fa00000) (1024K)]
  0x0000024aea6bfab0 JavaThread "Unconstrained build operations Thread 14"        [_thread_blocked, id=10556, stack(0x000000898fa00000,0x000000898fb00000) (1024K)]
  0x0000024aea6c0140 JavaThread "build event listener"              [_thread_blocked, id=19224, stack(0x000000898fb00000,0x000000898fc00000) (1024K)]
  0x0000024aea6bf420 JavaThread "included builds"                   [_thread_blocked, id=12356, stack(0x000000898fc00000,0x000000898fd00000) (1024K)]
  0x0000024aea6c07d0 JavaThread "Execution worker"                  [_thread_blocked, id=8708, stack(0x000000898fd00000,0x000000898fe00000) (1024K)]
  0x0000024aea6bd9e0 JavaThread "Execution worker Thread 2"         [_thread_in_native, id=3368, stack(0x000000898fe00000,0x000000898ff00000) (1024K)]
  0x0000024aea6c14f0 JavaThread "Execution worker Thread 3"         [_thread_blocked, id=12600, stack(0x000000898ff00000,0x0000008990000000) (1024K)]
  0x0000024aea6c2210 JavaThread "Execution worker Thread 4"         [_thread_blocked, id=22392, stack(0x0000008990000000,0x0000008990100000) (1024K)]
  0x0000024aea6c2f30 JavaThread "Execution worker Thread 5"         [_thread_blocked, id=20148, stack(0x0000008990100000,0x0000008990200000) (1024K)]
  0x0000024aea6c35c0 JavaThread "Execution worker Thread 6"         [_thread_blocked, id=9560, stack(0x0000008990200000,0x0000008990300000) (1024K)]
  0x0000024aea6c1b80 JavaThread "Execution worker Thread 7"         [_thread_blocked, id=3896, stack(0x0000008990300000,0x0000008990400000) (1024K)]
  0x0000024aea6c28a0 JavaThread "Cache worker for execution history cache (C:\Users\yassi\AndroidStudioProjects\KryDarK\.gradle\8.11.1\executionHistory)"        [_thread_blocked, id=15164, stack(0x0000008990400000,0x0000008990500000) (1024K)]
  0x0000024aec5e6a20 JavaThread "Unconstrained build operations Thread 15"        [_thread_blocked, id=16428, stack(0x0000008990500000,0x0000008990600000) (1024K)]
  0x0000024aec5e4950 JavaThread "Unconstrained build operations Thread 16"        [_thread_blocked, id=1824, stack(0x0000008990700000,0x0000008990800000) (1024K)]
  0x0000024aec5e6390 JavaThread "Unconstrained build operations Thread 17"        [_thread_blocked, id=3596, stack(0x0000008990800000,0x0000008990900000) (1024K)]
  0x0000024aec5e5670 JavaThread "Unconstrained build operations Thread 18"        [_thread_blocked, id=5124, stack(0x0000008990900000,0x0000008990a00000) (1024K)]
  0x0000024aec5e4fe0 JavaThread "Unconstrained build operations Thread 19"        [_thread_blocked, id=2872, stack(0x0000008990a00000,0x0000008990b00000) (1024K)]
  0x0000024aec5e5d00 JavaThread "Unconstrained build operations Thread 20"        [_thread_blocked, id=13864, stack(0x0000008990b00000,0x0000008990c00000) (1024K)]
  0x0000024aec5e70b0 JavaThread "Unconstrained build operations Thread 21"        [_thread_blocked, id=20192, stack(0x0000008990c00000,0x0000008990d00000) (1024K)]
  0x0000024aec5e9ea0 JavaThread "Unconstrained build operations Thread 22"        [_thread_blocked, id=22736, stack(0x0000008990d00000,0x0000008990e00000) (1024K)]
  0x0000024aec5ea530 JavaThread "Unconstrained build operations Thread 23"        [_thread_blocked, id=20388, stack(0x0000008990e00000,0x0000008990f00000) (1024K)]
  0x0000024aec5e7740 JavaThread "Unconstrained build operations Thread 24"        [_thread_blocked, id=3640, stack(0x0000008990f00000,0x0000008991000000) (1024K)]
  0x0000024aec5eb250 JavaThread "Unconstrained build operations Thread 25"        [_thread_blocked, id=10412, stack(0x0000008991000000,0x0000008991100000) (1024K)]
  0x0000024aec5e7dd0 JavaThread "Unconstrained build operations Thread 26"        [_thread_blocked, id=20828, stack(0x0000008991100000,0x0000008991200000) (1024K)]
  0x0000024aeac35170 JavaThread "Unconstrained build operations Thread 27"        [_thread_blocked, id=828, stack(0x0000008991200000,0x0000008991300000) (1024K)]
  0x0000024aeac37240 JavaThread "Unconstrained build operations Thread 28"        [_thread_blocked, id=9380, stack(0x0000008991300000,0x0000008991400000) (1024K)]
  0x0000024aed76eb50 JavaThread "WorkerExecutor Queue"              [_thread_blocked, id=1372, stack(0x0000008991400000,0x0000008991500000) (1024K)]
  0x0000024aea647410 JavaThread "WorkerExecutor Queue Thread 2"        [_thread_blocked, id=18764, stack(0x0000008991500000,0x0000008991600000) (1024K)]
  0x0000024aea6466f0 JavaThread "Unconstrained build operations Thread 29"        [_thread_blocked, id=14072, stack(0x0000008991600000,0x0000008991700000) (1024K)]
  0x0000024aea645340 JavaThread "Unconstrained build operations Thread 30"        [_thread_blocked, id=12188, stack(0x0000008991700000,0x0000008991800000) (1024K)]
  0x0000024aebbb3750 JavaThread "C2 CompilerThread1"         daemon [_thread_in_native, id=7284, stack(0x0000008991800000,0x0000008991900000) (1024K)]
  0x0000024aea644cb0 JavaThread "Unconstrained build operations Thread 31"        [_thread_blocked, id=21468, stack(0x0000008991900000,0x0000008991a00000) (1024K)]
  0x0000024aea646d80 JavaThread "Unconstrained build operations Thread 32"        [_thread_blocked, id=19064, stack(0x0000008991a00000,0x0000008991b00000) (1024K)]
  0x0000024aea643f90 JavaThread "Unconstrained build operations Thread 33"        [_thread_blocked, id=9460, stack(0x0000008991b00000,0x0000008991c00000) (1024K)]
  0x0000024aea647aa0 JavaThread "Unconstrained build operations Thread 34"        [_thread_blocked, id=17528, stack(0x0000008991c00000,0x0000008991d00000) (1024K)]
  0x0000024aea6459d0 JavaThread "Unconstrained build operations Thread 35"        [_thread_blocked, id=412, stack(0x0000008991d00000,0x0000008991e00000) (1024K)]
  0x0000024aea644620 JavaThread "Unconstrained build operations Thread 36"        [_thread_blocked, id=18344, stack(0x0000008991e00000,0x0000008991f00000) (1024K)]
  0x0000024aea649b70 JavaThread "Unconstrained build operations Thread 37"        [_thread_blocked, id=4216, stack(0x0000008991f00000,0x0000008992000000) (1024K)]
Total: 83

Other Threads:
  0x0000024ae35cd3a0 VMThread "VM Thread"                           [id=14876, stack(0x000000898c700000,0x000000898c800000) (1024K)]
  0x0000024ae3544850 WatcherThread "VM Periodic Task Thread"        [id=4204, stack(0x000000898c600000,0x000000898c700000) (1024K)]
  0x0000024acbf36100 WorkerThread "GC Thread#0"                     [id=18588, stack(0x000000898c100000,0x000000898c200000) (1024K)]
  0x0000024ae8261e00 WorkerThread "GC Thread#1"                     [id=11216, stack(0x000000898d300000,0x000000898d400000) (1024K)]
  0x0000024ae8102190 WorkerThread "GC Thread#2"                     [id=560, stack(0x000000898d400000,0x000000898d500000) (1024K)]
  0x0000024ae8e00820 WorkerThread "GC Thread#3"                     [id=8976, stack(0x000000898d500000,0x000000898d600000) (1024K)]
  0x0000024ae8cf15c0 WorkerThread "GC Thread#4"                     [id=17400, stack(0x000000898d600000,0x000000898d700000) (1024K)]
  0x0000024ae39c0050 WorkerThread "GC Thread#5"                     [id=12528, stack(0x000000898e100000,0x000000898e200000) (1024K)]
  0x0000024ae39c0800 WorkerThread "GC Thread#6"                     [id=9276, stack(0x000000898e200000,0x000000898e300000) (1024K)]
  0x0000024ae39c0ba0 WorkerThread "GC Thread#7"                     [id=7368, stack(0x000000898e300000,0x000000898e400000) (1024K)]
  0x0000024acbf48640 ConcurrentGCThread "G1 Main Marker"            [id=13520, stack(0x000000898c200000,0x000000898c300000) (1024K)]
  0x0000024acbf4aa70 WorkerThread "G1 Conc#0"                       [id=1632, stack(0x000000898c300000,0x000000898c400000) (1024K)]
  0x0000024ae8d109f0 WorkerThread "G1 Conc#1"                       [id=3276, stack(0x000000898e400000,0x000000898e500000) (1024K)]
  0x0000024ae3418570 ConcurrentGCThread "G1 Refine#0"               [id=11180, stack(0x000000898c400000,0x000000898c500000) (1024K)]
  0x0000024ae34189a0 ConcurrentGCThread "G1 Service"                [id=11760, stack(0x000000898c500000,0x000000898c600000) (1024K)]
Total: 15

Threads with active compile tasks:
C2 CompilerThread0  1491373 16876       4       org.gradle.api.internal.artifacts.transform.TransformStep::lambda$createInvocation$2 (93 bytes)
C2 CompilerThread1  1491373 16875       4       org.gradle.api.internal.artifacts.transform.TransformStep$$Lambda/0x0000000100a335f8::apply (20 bytes)
Total: 2

VM state: not at safepoint (normal execution)

VM Mutex/Monitor currently owned by a thread: None

Heap address: 0x0000000080000000, size: 2048 MB, Compressed Oops mode: 32-bit

CDS archive(s) not mapped
Compressed class space mapped at: 0x0000000100000000-0x0000000140000000, reserved size: 1073741824
Narrow klass base: 0x0000000000000000, Narrow klass shift: 3, Narrow klass range: 0x140000000

GC Precious Log:
 CardTable entry size: 512
 Card Set container configuration: InlinePtr #cards 5 size 8 Array Of Cards #cards 12 size 40 Howl #buckets 4 coarsen threshold 1843 Howl Bitmap #cards 512 size 80 coarsen threshold 460 Card regions per heap region 1 cards per card region 2048
 CPUs: 8 total, 8 available
 Memory: 6020M
 Large Page Support: Disabled
 NUMA Support: Disabled
 Compressed Oops: Enabled (32-bit)
 Heap Region Size: 1M
 Heap Min Capacity: 8M
 Heap Initial Capacity: 96M
 Heap Max Capacity: 2G
 Pre-touch: Disabled
 Parallel Workers: 8
 Concurrent Workers: 2
 Concurrent Refinement Workers: 8
 Periodic GC: Disabled

Heap:
 garbage-first heap   total 290816K, used 172404K [0x0000000080000000, 0x0000000100000000)
  region size 1024K, 24 young (24576K), 2 survivors (2048K)
 Metaspace       used 119906K, committed 122048K, reserved 1179648K
  class space    used 16096K, committed 17216K, reserved 1048576K

Heap Regions: E=young(eden), S=young(survivor), O=old, HS=humongous(starts), HC=humongous(continues), CS=collection set, F=free, TAMS=top-at-mark-start, PB=parsable bottom
|   0|0x0000000080000000, 0x0000000080100000, 0x0000000080100000|100%| O|  |TAMS 0x0000000080000000| PB 0x0000000080000000| Untracked 
|   1|0x0000000080100000, 0x0000000080200000, 0x0000000080200000|100%|HS|  |TAMS 0x0000000080100000| PB 0x0000000080100000| Complete 
|   2|0x0000000080200000, 0x0000000080300000, 0x0000000080300000|100%|HC|  |TAMS 0x0000000080200000| PB 0x0000000080200000| Complete 
|   3|0x0000000080300000, 0x0000000080400000, 0x0000000080400000|100%|HC|  |TAMS 0x0000000080300000| PB 0x0000000080300000| Complete 
|   4|0x0000000080400000, 0x0000000080500000, 0x0000000080500000|100%| O|  |TAMS 0x0000000080400000| PB 0x0000000080400000| Untracked 
|   5|0x0000000080500000, 0x0000000080600000, 0x0000000080600000|100%| O|  |TAMS 0x0000000080500000| PB 0x0000000080500000| Untracked 
|   6|0x0000000080600000, 0x0000000080700000, 0x0000000080700000|100%| O|  |TAMS 0x0000000080600000| PB 0x0000000080600000| Untracked 
|   7|0x0000000080700000, 0x0000000080800000, 0x0000000080800000|100%|HS|  |TAMS 0x0000000080700000| PB 0x0000000080700000| Complete 
|   8|0x0000000080800000, 0x0000000080900000, 0x0000000080900000|100%| O|  |TAMS 0x0000000080800000| PB 0x0000000080800000| Untracked 
|   9|0x0000000080900000, 0x0000000080a00000, 0x0000000080a00000|100%| O|  |TAMS 0x0000000080900000| PB 0x0000000080900000| Untracked 
|  10|0x0000000080a00000, 0x0000000080b00000, 0x0000000080b00000|100%| O|  |TAMS 0x0000000080a00000| PB 0x0000000080a00000| Untracked 
|  11|0x0000000080b00000, 0x0000000080c00000, 0x0000000080c00000|100%| O|  |TAMS 0x0000000080b00000| PB 0x0000000080b00000| Untracked 
|  12|0x0000000080c00000, 0x0000000080d00000, 0x0000000080d00000|100%| O|  |TAMS 0x0000000080c00000| PB 0x0000000080c00000| Untracked 
|  13|0x0000000080d00000, 0x0000000080e00000, 0x0000000080e00000|100%| O|  |TAMS 0x0000000080d00000| PB 0x0000000080d00000| Untracked 
|  14|0x0000000080e00000, 0x0000000080f00000, 0x0000000080f00000|100%| O|  |TAMS 0x0000000080e00000| PB 0x0000000080e00000| Untracked 
|  15|0x0000000080f00000, 0x0000000081000000, 0x0000000081000000|100%| O|  |TAMS 0x0000000080f00000| PB 0x0000000080f00000| Untracked 
|  16|0x0000000081000000, 0x0000000081100000, 0x0000000081100000|100%| O|  |TAMS 0x0000000081000000| PB 0x0000000081000000| Untracked 
|  17|0x0000000081100000, 0x0000000081200000, 0x0000000081200000|100%| O|  |TAMS 0x0000000081100000| PB 0x0000000081100000| Untracked 
|  18|0x0000000081200000, 0x0000000081300000, 0x0000000081300000|100%| O|  |TAMS 0x0000000081200000| PB 0x0000000081200000| Untracked 
|  19|0x0000000081300000, 0x0000000081400000, 0x0000000081400000|100%| O|  |TAMS 0x0000000081300000| PB 0x0000000081300000| Untracked 
|  20|0x0000000081400000, 0x0000000081500000, 0x0000000081500000|100%| O|  |TAMS 0x0000000081400000| PB 0x0000000081400000| Untracked 
|  21|0x0000000081500000, 0x0000000081600000, 0x0000000081600000|100%| O|  |TAMS 0x0000000081500000| PB 0x0000000081500000| Untracked 
|  22|0x0000000081600000, 0x0000000081700000, 0x0000000081700000|100%| O|  |TAMS 0x0000000081600000| PB 0x0000000081600000| Untracked 
|  23|0x0000000081700000, 0x0000000081800000, 0x0000000081800000|100%| O|  |TAMS 0x0000000081700000| PB 0x0000000081700000| Untracked 
|  24|0x0000000081800000, 0x0000000081900000, 0x0000000081900000|100%| O|  |TAMS 0x0000000081800000| PB 0x0000000081800000| Untracked 
|  25|0x0000000081900000, 0x0000000081a00000, 0x0000000081a00000|100%| O|  |TAMS 0x0000000081900000| PB 0x0000000081900000| Untracked 
|  26|0x0000000081a00000, 0x0000000081b00000, 0x0000000081b00000|100%| O|  |TAMS 0x0000000081a00000| PB 0x0000000081a00000| Untracked 
|  27|0x0000000081b00000, 0x0000000081c00000, 0x0000000081c00000|100%| O|  |TAMS 0x0000000081b00000| PB 0x0000000081b00000| Untracked 
|  28|0x0000000081c00000, 0x0000000081d00000, 0x0000000081d00000|100%| O|  |TAMS 0x0000000081c00000| PB 0x0000000081c00000| Untracked 
|  29|0x0000000081d00000, 0x0000000081e00000, 0x0000000081e00000|100%| O|  |TAMS 0x0000000081d00000| PB 0x0000000081d00000| Untracked 
|  30|0x0000000081e00000, 0x0000000081f00000, 0x0000000081f00000|100%| O|  |TAMS 0x0000000081e00000| PB 0x0000000081e00000| Untracked 
|  31|0x0000000081f00000, 0x0000000082000000, 0x0000000082000000|100%| O|  |TAMS 0x0000000081f00000| PB 0x0000000081f00000| Untracked 
|  32|0x0000000082000000, 0x0000000082100000, 0x0000000082100000|100%| O|  |TAMS 0x0000000082000000| PB 0x0000000082000000| Untracked 
|  33|0x0000000082100000, 0x0000000082200000, 0x0000000082200000|100%| O|  |TAMS 0x0000000082100000| PB 0x0000000082100000| Untracked 
|  34|0x0000000082200000, 0x0000000082300000, 0x0000000082300000|100%| O|  |TAMS 0x0000000082200000| PB 0x0000000082200000| Untracked 
|  35|0x0000000082300000, 0x0000000082400000, 0x0000000082400000|100%| O|  |TAMS 0x0000000082300000| PB 0x0000000082300000| Untracked 
|  36|0x0000000082400000, 0x0000000082500000, 0x0000000082500000|100%| O|  |TAMS 0x0000000082400000| PB 0x0000000082400000| Untracked 
|  37|0x0000000082500000, 0x0000000082600000, 0x0000000082600000|100%| O|  |TAMS 0x0000000082500000| PB 0x0000000082500000| Untracked 
|  38|0x0000000082600000, 0x0000000082700000, 0x0000000082700000|100%| O|  |TAMS 0x0000000082600000| PB 0x0000000082600000| Untracked 
|  39|0x0000000082700000, 0x0000000082800000, 0x0000000082800000|100%| O|Cm|TAMS 0x0000000082700000| PB 0x0000000082700000| Complete 
|  40|0x0000000082800000, 0x0000000082900000, 0x0000000082900000|100%| O|Cm|TAMS 0x0000000082800000| PB 0x0000000082800000| Complete 
|  41|0x0000000082900000, 0x0000000082a00000, 0x0000000082a00000|100%| O|  |TAMS 0x0000000082900000| PB 0x0000000082900000| Untracked 
|  42|0x0000000082a00000, 0x0000000082b00000, 0x0000000082b00000|100%| O|  |TAMS 0x0000000082a00000| PB 0x0000000082a00000| Untracked 
|  43|0x0000000082b00000, 0x0000000082c00000, 0x0000000082c00000|100%| O|  |TAMS 0x0000000082b00000| PB 0x0000000082b00000| Untracked 
|  44|0x0000000082c00000, 0x0000000082d00000, 0x0000000082d00000|100%| O|  |TAMS 0x0000000082c00000| PB 0x0000000082c00000| Untracked 
|  45|0x0000000082d00000, 0x0000000082e00000, 0x0000000082e00000|100%|HS|  |TAMS 0x0000000082d00000| PB 0x0000000082d00000| Complete 
|  46|0x0000000082e00000, 0x0000000082f00000, 0x0000000082f00000|100%| O|  |TAMS 0x0000000082e00000| PB 0x0000000082e00000| Untracked 
|  47|0x0000000082f00000, 0x0000000083000000, 0x0000000083000000|100%| O|  |TAMS 0x0000000082f00000| PB 0x0000000082f00000| Untracked 
|  48|0x0000000083000000, 0x0000000083100000, 0x0000000083100000|100%| O|  |TAMS 0x0000000083000000| PB 0x0000000083000000| Untracked 
|  49|0x0000000083100000, 0x0000000083200000, 0x0000000083200000|100%| O|  |TAMS 0x0000000083100000| PB 0x0000000083100000| Untracked 
|  50|0x0000000083200000, 0x0000000083300000, 0x0000000083300000|100%|HS|  |TAMS 0x0000000083200000| PB 0x0000000083200000| Complete 
|  51|0x0000000083300000, 0x0000000083400000, 0x0000000083400000|100%|HS|  |TAMS 0x0000000083300000| PB 0x0000000083300000| Complete 
|  52|0x0000000083400000, 0x0000000083500000, 0x0000000083500000|100%|HS|  |TAMS 0x0000000083400000| PB 0x0000000083400000| Complete 
|  53|0x0000000083500000, 0x0000000083600000, 0x0000000083600000|100%| O|  |TAMS 0x0000000083500000| PB 0x0000000083500000| Untracked 
|  54|0x0000000083600000, 0x0000000083700000, 0x0000000083700000|100%| O|  |TAMS 0x0000000083600000| PB 0x0000000083600000| Untracked 
|  55|0x0000000083700000, 0x0000000083800000, 0x0000000083800000|100%| O|  |TAMS 0x0000000083700000| PB 0x0000000083700000| Untracked 
|  56|0x0000000083800000, 0x0000000083900000, 0x0000000083900000|100%| O|  |TAMS 0x0000000083800000| PB 0x0000000083800000| Untracked 
|  57|0x0000000083900000, 0x0000000083a00000, 0x0000000083a00000|100%| O|  |TAMS 0x0000000083900000| PB 0x0000000083900000| Untracked 
|  58|0x0000000083a00000, 0x0000000083b00000, 0x0000000083b00000|100%|HS|  |TAMS 0x0000000083a00000| PB 0x0000000083a00000| Complete 
|  59|0x0000000083b00000, 0x0000000083c00000, 0x0000000083c00000|100%|HS|  |TAMS 0x0000000083b00000| PB 0x0000000083b00000| Complete 
|  60|0x0000000083c00000, 0x0000000083d00000, 0x0000000083d00000|100%| O|  |TAMS 0x0000000083c00000| PB 0x0000000083c00000| Untracked 
|  61|0x0000000083d00000, 0x0000000083e00000, 0x0000000083e00000|100%| O|  |TAMS 0x0000000083d00000| PB 0x0000000083d00000| Untracked 
|  62|0x0000000083e00000, 0x0000000083f00000, 0x0000000083f00000|100%|HS|  |TAMS 0x0000000083e00000| PB 0x0000000083e00000| Complete 
|  63|0x0000000083f00000, 0x0000000084000000, 0x0000000084000000|100%| O|  |TAMS 0x0000000083f00000| PB 0x0000000083f00000| Untracked 
|  64|0x0000000084000000, 0x0000000084100000, 0x0000000084100000|100%| O|  |TAMS 0x0000000084000000| PB 0x0000000084000000| Untracked 
|  65|0x0000000084100000, 0x0000000084200000, 0x0000000084200000|100%| O|  |TAMS 0x0000000084100000| PB 0x0000000084100000| Untracked 
|  66|0x0000000084200000, 0x0000000084300000, 0x0000000084300000|100%| O|  |TAMS 0x0000000084200000| PB 0x0000000084200000| Untracked 
|  67|0x0000000084300000, 0x0000000084400000, 0x0000000084400000|100%| O|  |TAMS 0x0000000084300000| PB 0x0000000084300000| Untracked 
|  68|0x0000000084400000, 0x0000000084500000, 0x0000000084500000|100%| O|  |TAMS 0x0000000084400000| PB 0x0000000084400000| Untracked 
|  69|0x0000000084500000, 0x0000000084600000, 0x0000000084600000|100%| O|  |TAMS 0x0000000084500000| PB 0x0000000084500000| Untracked 
|  70|0x0000000084600000, 0x0000000084700000, 0x0000000084700000|100%| O|  |TAMS 0x0000000084600000| PB 0x0000000084600000| Untracked 
|  71|0x0000000084700000, 0x0000000084800000, 0x0000000084800000|100%| O|  |TAMS 0x0000000084700000| PB 0x0000000084700000| Untracked 
|  72|0x0000000084800000, 0x0000000084900000, 0x0000000084900000|100%| O|  |TAMS 0x0000000084800000| PB 0x0000000084800000| Untracked 
|  73|0x0000000084900000, 0x0000000084a00000, 0x0000000084a00000|100%| O|  |TAMS 0x0000000084900000| PB 0x0000000084900000| Untracked 
|  74|0x0000000084a00000, 0x0000000084b00000, 0x0000000084b00000|100%| O|  |TAMS 0x0000000084a00000| PB 0x0000000084a00000| Untracked 
|  75|0x0000000084b00000, 0x0000000084c00000, 0x0000000084c00000|100%| O|  |TAMS 0x0000000084b00000| PB 0x0000000084b00000| Untracked 
|  76|0x0000000084c00000, 0x0000000084d00000, 0x0000000084d00000|100%| O|  |TAMS 0x0000000084c00000| PB 0x0000000084c00000| Untracked 
|  77|0x0000000084d00000, 0x0000000084e00000, 0x0000000084e00000|100%| O|  |TAMS 0x0000000084d00000| PB 0x0000000084d00000| Untracked 
|  78|0x0000000084e00000, 0x0000000084f00000, 0x0000000084f00000|100%| O|  |TAMS 0x0000000084e00000| PB 0x0000000084e00000| Untracked 
|  79|0x0000000084f00000, 0x0000000085000000, 0x0000000085000000|100%| O|  |TAMS 0x0000000084f00000| PB 0x0000000084f00000| Untracked 
|  80|0x0000000085000000, 0x0000000085100000, 0x0000000085100000|100%| O|  |TAMS 0x0000000085000000| PB 0x0000000085000000| Untracked 
|  81|0x0000000085100000, 0x0000000085200000, 0x0000000085200000|100%| O|  |TAMS 0x0000000085100000| PB 0x0000000085100000| Untracked 
|  82|0x0000000085200000, 0x0000000085300000, 0x0000000085300000|100%| O|  |TAMS 0x0000000085200000| PB 0x0000000085200000| Untracked 
|  83|0x0000000085300000, 0x0000000085400000, 0x0000000085400000|100%| O|  |TAMS 0x0000000085300000| PB 0x0000000085300000| Untracked 
|  84|0x0000000085400000, 0x0000000085500000, 0x0000000085500000|100%| O|Cm|TAMS 0x0000000085400000| PB 0x0000000085400000| Complete 
|  85|0x0000000085500000, 0x0000000085600000, 0x0000000085600000|100%| O|Cm|TAMS 0x0000000085500000| PB 0x0000000085500000| Complete 
|  86|0x0000000085600000, 0x0000000085700000, 0x0000000085700000|100%| O|  |TAMS 0x0000000085600000| PB 0x0000000085600000| Untracked 
|  87|0x0000000085700000, 0x0000000085800000, 0x0000000085800000|100%| O|  |TAMS 0x0000000085700000| PB 0x0000000085700000| Untracked 
|  88|0x0000000085800000, 0x0000000085900000, 0x0000000085900000|100%| O|  |TAMS 0x0000000085800000| PB 0x0000000085800000| Untracked 
|  89|0x0000000085900000, 0x0000000085a00000, 0x0000000085a00000|100%| O|  |TAMS 0x0000000085900000| PB 0x0000000085900000| Untracked 
|  90|0x0000000085a00000, 0x0000000085b00000, 0x0000000085b00000|100%| O|  |TAMS 0x0000000085a00000| PB 0x0000000085a00000| Untracked 
|  91|0x0000000085b00000, 0x0000000085c00000, 0x0000000085c00000|100%| O|  |TAMS 0x0000000085b00000| PB 0x0000000085b00000| Untracked 
|  92|0x0000000085c00000, 0x0000000085d00000, 0x0000000085d00000|100%| O|  |TAMS 0x0000000085c00000| PB 0x0000000085c00000| Untracked 
|  93|0x0000000085d00000, 0x0000000085e00000, 0x0000000085e00000|100%| O|  |TAMS 0x0000000085d00000| PB 0x0000000085d00000| Untracked 
|  94|0x0000000085e00000, 0x0000000085f00000, 0x0000000085f00000|100%| O|  |TAMS 0x0000000085e00000| PB 0x0000000085e00000| Untracked 
|  95|0x0000000085f00000, 0x0000000086000000, 0x0000000086000000|100%| O|  |TAMS 0x0000000085f00000| PB 0x0000000085f00000| Untracked 
|  96|0x0000000086000000, 0x0000000086100000, 0x0000000086100000|100%| O|  |TAMS 0x0000000086000000| PB 0x0000000086000000| Untracked 
|  97|0x0000000086100000, 0x0000000086200000, 0x0000000086200000|100%| O|  |TAMS 0x0000000086100000| PB 0x0000000086100000| Untracked 
|  98|0x0000000086200000, 0x0000000086300000, 0x0000000086300000|100%| O|  |TAMS 0x0000000086200000| PB 0x0000000086200000| Untracked 
|  99|0x0000000086300000, 0x0000000086400000, 0x0000000086400000|100%| O|  |TAMS 0x0000000086300000| PB 0x0000000086300000| Untracked 
| 100|0x0000000086400000, 0x0000000086500000, 0x0000000086500000|100%| O|  |TAMS 0x0000000086400000| PB 0x0000000086400000| Untracked 
| 101|0x0000000086500000, 0x0000000086600000, 0x0000000086600000|100%| O|  |TAMS 0x0000000086500000| PB 0x0000000086500000| Untracked 
| 102|0x0000000086600000, 0x0000000086700000, 0x0000000086700000|100%| O|  |TAMS 0x0000000086600000| PB 0x0000000086600000| Untracked 
| 103|0x0000000086700000, 0x0000000086800000, 0x0000000086800000|100%| O|  |TAMS 0x0000000086700000| PB 0x0000000086700000| Untracked 
| 104|0x0000000086800000, 0x0000000086900000, 0x0000000086900000|100%| O|  |TAMS 0x0000000086800000| PB 0x0000000086800000| Untracked 
| 105|0x0000000086900000, 0x0000000086a00000, 0x0000000086a00000|100%| O|  |TAMS 0x0000000086900000| PB 0x0000000086900000| Untracked 
| 106|0x0000000086a00000, 0x0000000086b00000, 0x0000000086b00000|100%| O|  |TAMS 0x0000000086a00000| PB 0x0000000086a00000| Untracked 
| 107|0x0000000086b00000, 0x0000000086c00000, 0x0000000086c00000|100%| O|  |TAMS 0x0000000086b00000| PB 0x0000000086b00000| Untracked 
| 108|0x0000000086c00000, 0x0000000086d00000, 0x0000000086d00000|100%| O|  |TAMS 0x0000000086c00000| PB 0x0000000086c00000| Untracked 
| 109|0x0000000086d00000, 0x0000000086e00000, 0x0000000086e00000|100%| O|  |TAMS 0x0000000086d00000| PB 0x0000000086d00000| Untracked 
| 110|0x0000000086e00000, 0x0000000086f00000, 0x0000000086f00000|100%| O|  |TAMS 0x0000000086e00000| PB 0x0000000086e00000| Untracked 
| 111|0x0000000086f00000, 0x0000000087000000, 0x0000000087000000|100%| O|  |TAMS 0x0000000086f00000| PB 0x0000000086f00000| Untracked 
| 112|0x0000000087000000, 0x0000000087100000, 0x0000000087100000|100%| O|  |TAMS 0x0000000087000000| PB 0x0000000087000000| Untracked 
| 113|0x0000000087100000, 0x0000000087200000, 0x0000000087200000|100%| O|  |TAMS 0x0000000087100000| PB 0x0000000087100000| Untracked 
| 114|0x0000000087200000, 0x0000000087300000, 0x0000000087300000|100%| O|  |TAMS 0x0000000087200000| PB 0x0000000087200000| Untracked 
| 115|0x0000000087300000, 0x0000000087400000, 0x0000000087400000|100%| O|  |TAMS 0x0000000087300000| PB 0x0000000087300000| Untracked 
| 116|0x0000000087400000, 0x0000000087500000, 0x0000000087500000|100%| O|  |TAMS 0x0000000087400000| PB 0x0000000087400000| Untracked 
| 117|0x0000000087500000, 0x0000000087600000, 0x0000000087600000|100%| O|  |TAMS 0x0000000087500000| PB 0x0000000087500000| Untracked 
| 118|0x0000000087600000, 0x0000000087700000, 0x0000000087700000|100%| O|  |TAMS 0x0000000087600000| PB 0x0000000087600000| Untracked 
| 119|0x0000000087700000, 0x0000000087800000, 0x0000000087800000|100%| O|  |TAMS 0x0000000087700000| PB 0x0000000087700000| Untracked 
| 120|0x0000000087800000, 0x0000000087900000, 0x0000000087900000|100%| O|  |TAMS 0x0000000087800000| PB 0x0000000087800000| Untracked 
| 121|0x0000000087900000, 0x0000000087a00000, 0x0000000087a00000|100%| O|  |TAMS 0x0000000087900000| PB 0x0000000087900000| Untracked 
| 122|0x0000000087a00000, 0x0000000087b00000, 0x0000000087b00000|100%| O|  |TAMS 0x0000000087a00000| PB 0x0000000087a00000| Untracked 
| 123|0x0000000087b00000, 0x0000000087c00000, 0x0000000087c00000|100%| O|  |TAMS 0x0000000087b00000| PB 0x0000000087b00000| Untracked 
| 124|0x0000000087c00000, 0x0000000087d00000, 0x0000000087d00000|100%| O|  |TAMS 0x0000000087c00000| PB 0x0000000087c00000| Untracked 
| 125|0x0000000087d00000, 0x0000000087d00000, 0x0000000087e00000|  0%| F|  |TAMS 0x0000000087d00000| PB 0x0000000087d00000| Untracked 
| 126|0x0000000087e00000, 0x0000000087e00000, 0x0000000087f00000|  0%| F|  |TAMS 0x0000000087e00000| PB 0x0000000087e00000| Untracked 
| 127|0x0000000087f00000, 0x0000000087f00000, 0x0000000088000000|  0%| F|  |TAMS 0x0000000087f00000| PB 0x0000000087f00000| Untracked 
| 128|0x0000000088000000, 0x0000000088100000, 0x0000000088100000|100%| O|  |TAMS 0x0000000088000000| PB 0x0000000088000000| Untracked 
| 129|0x0000000088100000, 0x0000000088200000, 0x0000000088200000|100%| O|  |TAMS 0x0000000088100000| PB 0x0000000088100000| Untracked 
| 130|0x0000000088200000, 0x0000000088300000, 0x0000000088300000|100%| O|  |TAMS 0x0000000088200000| PB 0x0000000088200000| Untracked 
| 131|0x0000000088300000, 0x0000000088300000, 0x0000000088400000|  0%| F|  |TAMS 0x0000000088300000| PB 0x0000000088300000| Untracked 
| 132|0x0000000088400000, 0x0000000088400000, 0x0000000088500000|  0%| F|  |TAMS 0x0000000088400000| PB 0x0000000088400000| Untracked 
| 133|0x0000000088500000, 0x0000000088500000, 0x0000000088600000|  0%| F|  |TAMS 0x0000000088500000| PB 0x0000000088500000| Untracked 
| 134|0x0000000088600000, 0x0000000088600000, 0x0000000088700000|  0%| F|  |TAMS 0x0000000088600000| PB 0x0000000088600000| Untracked 
| 135|0x0000000088700000, 0x0000000088800000, 0x0000000088800000|100%| O|  |TAMS 0x0000000088700000| PB 0x0000000088700000| Untracked 
| 136|0x0000000088800000, 0x0000000088900000, 0x0000000088900000|100%| O|  |TAMS 0x0000000088800000| PB 0x0000000088800000| Untracked 
| 137|0x0000000088900000, 0x0000000088a00000, 0x0000000088a00000|100%| O|  |TAMS 0x0000000088900000| PB 0x0000000088900000| Untracked 
| 138|0x0000000088a00000, 0x0000000088a00000, 0x0000000088b00000|  0%| F|  |TAMS 0x0000000088a00000| PB 0x0000000088a00000| Untracked 
| 139|0x0000000088b00000, 0x0000000088b00000, 0x0000000088c00000|  0%| F|  |TAMS 0x0000000088b00000| PB 0x0000000088b00000| Untracked 
| 140|0x0000000088c00000, 0x0000000088c00000, 0x0000000088d00000|  0%| F|  |TAMS 0x0000000088c00000| PB 0x0000000088c00000| Untracked 
| 141|0x0000000088d00000, 0x0000000088d00000, 0x0000000088e00000|  0%| F|  |TAMS 0x0000000088d00000| PB 0x0000000088d00000| Untracked 
| 142|0x0000000088e00000, 0x0000000088e00000, 0x0000000088f00000|  0%| F|  |TAMS 0x0000000088e00000| PB 0x0000000088e00000| Untracked 
| 143|0x0000000088f00000, 0x0000000088f00000, 0x0000000089000000|  0%| F|  |TAMS 0x0000000088f00000| PB 0x0000000088f00000| Untracked 
| 144|0x0000000089000000, 0x0000000089000000, 0x0000000089100000|  0%| F|  |TAMS 0x0000000089000000| PB 0x0000000089000000| Untracked 
| 145|0x0000000089100000, 0x0000000089100000, 0x0000000089200000|  0%| F|  |TAMS 0x0000000089100000| PB 0x0000000089100000| Untracked 
| 146|0x0000000089200000, 0x0000000089200000, 0x0000000089300000|  0%| F|  |TAMS 0x0000000089200000| PB 0x0000000089200000| Untracked 
| 147|0x0000000089300000, 0x0000000089300000, 0x0000000089400000|  0%| F|  |TAMS 0x0000000089300000| PB 0x0000000089300000| Untracked 
| 148|0x0000000089400000, 0x0000000089400000, 0x0000000089500000|  0%| F|  |TAMS 0x0000000089400000| PB 0x0000000089400000| Untracked 
| 149|0x0000000089500000, 0x0000000089500000, 0x0000000089600000|  0%| F|  |TAMS 0x0000000089500000| PB 0x0000000089500000| Untracked 
| 150|0x0000000089600000, 0x0000000089600000, 0x0000000089700000|  0%| F|  |TAMS 0x0000000089600000| PB 0x0000000089600000| Untracked 
| 151|0x0000000089700000, 0x0000000089700000, 0x0000000089800000|  0%| F|  |TAMS 0x0000000089700000| PB 0x0000000089700000| Untracked 
| 152|0x0000000089800000, 0x0000000089800000, 0x0000000089900000|  0%| F|  |TAMS 0x0000000089800000| PB 0x0000000089800000| Untracked 
| 153|0x0000000089900000, 0x0000000089900000, 0x0000000089a00000|  0%| F|  |TAMS 0x0000000089900000| PB 0x0000000089900000| Untracked 
| 154|0x0000000089a00000, 0x0000000089a00000, 0x0000000089b00000|  0%| F|  |TAMS 0x0000000089a00000| PB 0x0000000089a00000| Untracked 
| 155|0x0000000089b00000, 0x0000000089b00000, 0x0000000089c00000|  0%| F|  |TAMS 0x0000000089b00000| PB 0x0000000089b00000| Untracked 
| 156|0x0000000089c00000, 0x0000000089c00000, 0x0000000089d00000|  0%| F|  |TAMS 0x0000000089c00000| PB 0x0000000089c00000| Untracked 
| 157|0x0000000089d00000, 0x0000000089d00000, 0x0000000089e00000|  0%| F|  |TAMS 0x0000000089d00000| PB 0x0000000089d00000| Untracked 
| 158|0x0000000089e00000, 0x0000000089e00000, 0x0000000089f00000|  0%| F|  |TAMS 0x0000000089e00000| PB 0x0000000089e00000| Untracked 
| 159|0x0000000089f00000, 0x0000000089f00000, 0x000000008a000000|  0%| F|  |TAMS 0x0000000089f00000| PB 0x0000000089f00000| Untracked 
| 160|0x000000008a000000, 0x000000008a000000, 0x000000008a100000|  0%| F|  |TAMS 0x000000008a000000| PB 0x000000008a000000| Untracked 
| 161|0x000000008a100000, 0x000000008a100000, 0x000000008a200000|  0%| F|  |TAMS 0x000000008a100000| PB 0x000000008a100000| Untracked 
| 162|0x000000008a200000, 0x000000008a200000, 0x000000008a300000|  0%| F|  |TAMS 0x000000008a200000| PB 0x000000008a200000| Untracked 
| 163|0x000000008a300000, 0x000000008a400000, 0x000000008a400000|100%| O|  |TAMS 0x000000008a300000| PB 0x000000008a300000| Untracked 
| 164|0x000000008a400000, 0x000000008a500000, 0x000000008a500000|100%| O|  |TAMS 0x000000008a400000| PB 0x000000008a400000| Untracked 
| 165|0x000000008a500000, 0x000000008a55d140, 0x000000008a600000| 36%| O|  |TAMS 0x000000008a500000| PB 0x000000008a500000| Untracked 
| 166|0x000000008a600000, 0x000000008a600000, 0x000000008a700000|  0%| F|  |TAMS 0x000000008a600000| PB 0x000000008a600000| Untracked 
| 167|0x000000008a700000, 0x000000008a700000, 0x000000008a800000|  0%| F|  |TAMS 0x000000008a700000| PB 0x000000008a700000| Untracked 
| 168|0x000000008a800000, 0x000000008a800000, 0x000000008a900000|  0%| F|  |TAMS 0x000000008a800000| PB 0x000000008a800000| Untracked 
| 169|0x000000008a900000, 0x000000008a900000, 0x000000008aa00000|  0%| F|  |TAMS 0x000000008a900000| PB 0x000000008a900000| Untracked 
| 170|0x000000008aa00000, 0x000000008aa00000, 0x000000008ab00000|  0%| F|  |TAMS 0x000000008aa00000| PB 0x000000008aa00000| Untracked 
| 171|0x000000008ab00000, 0x000000008ab00000, 0x000000008ac00000|  0%| F|  |TAMS 0x000000008ab00000| PB 0x000000008ab00000| Untracked 
| 172|0x000000008ac00000, 0x000000008ac00000, 0x000000008ad00000|  0%| F|  |TAMS 0x000000008ac00000| PB 0x000000008ac00000| Untracked 
| 173|0x000000008ad00000, 0x000000008ad00000, 0x000000008ae00000|  0%| F|  |TAMS 0x000000008ad00000| PB 0x000000008ad00000| Untracked 
| 174|0x000000008ae00000, 0x000000008ae00000, 0x000000008af00000|  0%| F|  |TAMS 0x000000008ae00000| PB 0x000000008ae00000| Untracked 
| 175|0x000000008af00000, 0x000000008af00000, 0x000000008b000000|  0%| F|  |TAMS 0x000000008af00000| PB 0x000000008af00000| Untracked 
| 176|0x000000008b000000, 0x000000008b000000, 0x000000008b100000|  0%| F|  |TAMS 0x000000008b000000| PB 0x000000008b000000| Untracked 
| 177|0x000000008b100000, 0x000000008b100000, 0x000000008b200000|  0%| F|  |TAMS 0x000000008b100000| PB 0x000000008b100000| Untracked 
| 178|0x000000008b200000, 0x000000008b200000, 0x000000008b300000|  0%| F|  |TAMS 0x000000008b200000| PB 0x000000008b200000| Untracked 
| 179|0x000000008b300000, 0x000000008b300000, 0x000000008b400000|  0%| F|  |TAMS 0x000000008b300000| PB 0x000000008b300000| Untracked 
| 180|0x000000008b400000, 0x000000008b400000, 0x000000008b500000|  0%| F|  |TAMS 0x000000008b400000| PB 0x000000008b400000| Untracked 
| 181|0x000000008b500000, 0x000000008b500000, 0x000000008b600000|  0%| F|  |TAMS 0x000000008b500000| PB 0x000000008b500000| Untracked 
| 182|0x000000008b600000, 0x000000008b600000, 0x000000008b700000|  0%| F|  |TAMS 0x000000008b600000| PB 0x000000008b600000| Untracked 
| 183|0x000000008b700000, 0x000000008b700000, 0x000000008b800000|  0%| F|  |TAMS 0x000000008b700000| PB 0x000000008b700000| Untracked 
| 184|0x000000008b800000, 0x000000008b800000, 0x000000008b900000|  0%| F|  |TAMS 0x000000008b800000| PB 0x000000008b800000| Untracked 
| 185|0x000000008b900000, 0x000000008b900000, 0x000000008ba00000|  0%| F|  |TAMS 0x000000008b900000| PB 0x000000008b900000| Untracked 
| 186|0x000000008ba00000, 0x000000008ba00000, 0x000000008bb00000|  0%| F|  |TAMS 0x000000008ba00000| PB 0x000000008ba00000| Untracked 
| 187|0x000000008bb00000, 0x000000008bb00000, 0x000000008bc00000|  0%| F|  |TAMS 0x000000008bb00000| PB 0x000000008bb00000| Untracked 
| 188|0x000000008bc00000, 0x000000008bc00000, 0x000000008bd00000|  0%| F|  |TAMS 0x000000008bc00000| PB 0x000000008bc00000| Untracked 
| 189|0x000000008bd00000, 0x000000008bd00000, 0x000000008be00000|  0%| F|  |TAMS 0x000000008bd00000| PB 0x000000008bd00000| Untracked 
| 190|0x000000008be00000, 0x000000008be00000, 0x000000008bf00000|  0%| F|  |TAMS 0x000000008be00000| PB 0x000000008be00000| Untracked 
| 191|0x000000008bf00000, 0x000000008bf00000, 0x000000008c000000|  0%| F|  |TAMS 0x000000008bf00000| PB 0x000000008bf00000| Untracked 
| 192|0x000000008c000000, 0x000000008c000000, 0x000000008c100000|  0%| F|  |TAMS 0x000000008c000000| PB 0x000000008c000000| Untracked 
| 193|0x000000008c100000, 0x000000008c100000, 0x000000008c200000|  0%| F|  |TAMS 0x000000008c100000| PB 0x000000008c100000| Untracked 
| 194|0x000000008c200000, 0x000000008c200000, 0x000000008c300000|  0%| F|  |TAMS 0x000000008c200000| PB 0x000000008c200000| Untracked 
| 195|0x000000008c300000, 0x000000008c300000, 0x000000008c400000|  0%| F|  |TAMS 0x000000008c300000| PB 0x000000008c300000| Untracked 
| 196|0x000000008c400000, 0x000000008c400000, 0x000000008c500000|  0%| F|  |TAMS 0x000000008c400000| PB 0x000000008c400000| Untracked 
| 197|0x000000008c500000, 0x000000008c500000, 0x000000008c600000|  0%| F|  |TAMS 0x000000008c500000| PB 0x000000008c500000| Untracked 
| 198|0x000000008c600000, 0x000000008c600000, 0x000000008c700000|  0%| F|  |TAMS 0x000000008c600000| PB 0x000000008c600000| Untracked 
| 199|0x000000008c700000, 0x000000008c700000, 0x000000008c800000|  0%| F|  |TAMS 0x000000008c700000| PB 0x000000008c700000| Untracked 
| 200|0x000000008c800000, 0x000000008c800000, 0x000000008c900000|  0%| F|  |TAMS 0x000000008c800000| PB 0x000000008c800000| Untracked 
| 201|0x000000008c900000, 0x000000008c900000, 0x000000008ca00000|  0%| F|  |TAMS 0x000000008c900000| PB 0x000000008c900000| Untracked 
| 202|0x000000008ca00000, 0x000000008ca00000, 0x000000008cb00000|  0%| F|  |TAMS 0x000000008ca00000| PB 0x000000008ca00000| Untracked 
| 203|0x000000008cb00000, 0x000000008cb00000, 0x000000008cc00000|  0%| F|  |TAMS 0x000000008cb00000| PB 0x000000008cb00000| Untracked 
| 204|0x000000008cc00000, 0x000000008cc00000, 0x000000008cd00000|  0%| F|  |TAMS 0x000000008cc00000| PB 0x000000008cc00000| Untracked 
| 205|0x000000008cd00000, 0x000000008cd00000, 0x000000008ce00000|  0%| F|  |TAMS 0x000000008cd00000| PB 0x000000008cd00000| Untracked 
| 206|0x000000008ce00000, 0x000000008ce00000, 0x000000008cf00000|  0%| F|  |TAMS 0x000000008ce00000| PB 0x000000008ce00000| Untracked 
| 207|0x000000008cf00000, 0x000000008cf00000, 0x000000008d000000|  0%| F|  |TAMS 0x000000008cf00000| PB 0x000000008cf00000| Untracked 
| 208|0x000000008d000000, 0x000000008d000000, 0x000000008d100000|  0%| F|  |TAMS 0x000000008d000000| PB 0x000000008d000000| Untracked 
| 209|0x000000008d100000, 0x000000008d100000, 0x000000008d200000|  0%| F|  |TAMS 0x000000008d100000| PB 0x000000008d100000| Untracked 
| 210|0x000000008d200000, 0x000000008d200000, 0x000000008d300000|  0%| F|  |TAMS 0x000000008d200000| PB 0x000000008d200000| Untracked 
| 211|0x000000008d300000, 0x000000008d300000, 0x000000008d400000|  0%| F|  |TAMS 0x000000008d300000| PB 0x000000008d300000| Untracked 
| 212|0x000000008d400000, 0x000000008d400000, 0x000000008d500000|  0%| F|  |TAMS 0x000000008d400000| PB 0x000000008d400000| Untracked 
| 213|0x000000008d500000, 0x000000008d500000, 0x000000008d600000|  0%| F|  |TAMS 0x000000008d500000| PB 0x000000008d500000| Untracked 
| 214|0x000000008d600000, 0x000000008d600000, 0x000000008d700000|  0%| F|  |TAMS 0x000000008d600000| PB 0x000000008d600000| Untracked 
| 215|0x000000008d700000, 0x000000008d700000, 0x000000008d800000|  0%| F|  |TAMS 0x000000008d700000| PB 0x000000008d700000| Untracked 
| 216|0x000000008d800000, 0x000000008d800000, 0x000000008d900000|  0%| F|  |TAMS 0x000000008d800000| PB 0x000000008d800000| Untracked 
| 217|0x000000008d900000, 0x000000008d900000, 0x000000008da00000|  0%| F|  |TAMS 0x000000008d900000| PB 0x000000008d900000| Untracked 
| 218|0x000000008da00000, 0x000000008da00000, 0x000000008db00000|  0%| F|  |TAMS 0x000000008da00000| PB 0x000000008da00000| Untracked 
| 219|0x000000008db00000, 0x000000008db00000, 0x000000008dc00000|  0%| F|  |TAMS 0x000000008db00000| PB 0x000000008db00000| Untracked 
| 220|0x000000008dc00000, 0x000000008dc00000, 0x000000008dd00000|  0%| F|  |TAMS 0x000000008dc00000| PB 0x000000008dc00000| Untracked 
| 221|0x000000008dd00000, 0x000000008dd00000, 0x000000008de00000|  0%| F|  |TAMS 0x000000008dd00000| PB 0x000000008dd00000| Untracked 
| 222|0x000000008de00000, 0x000000008de00000, 0x000000008df00000|  0%| F|  |TAMS 0x000000008de00000| PB 0x000000008de00000| Untracked 
| 223|0x000000008df00000, 0x000000008df00000, 0x000000008e000000|  0%| F|  |TAMS 0x000000008df00000| PB 0x000000008df00000| Untracked 
| 224|0x000000008e000000, 0x000000008e000000, 0x000000008e100000|  0%| F|  |TAMS 0x000000008e000000| PB 0x000000008e000000| Untracked 
| 225|0x000000008e100000, 0x000000008e100000, 0x000000008e200000|  0%| F|  |TAMS 0x000000008e100000| PB 0x000000008e100000| Untracked 
| 226|0x000000008e200000, 0x000000008e200000, 0x000000008e300000|  0%| F|  |TAMS 0x000000008e200000| PB 0x000000008e200000| Untracked 
| 227|0x000000008e300000, 0x000000008e300000, 0x000000008e400000|  0%| F|  |TAMS 0x000000008e300000| PB 0x000000008e300000| Untracked 
| 228|0x000000008e400000, 0x000000008e400000, 0x000000008e500000|  0%| F|  |TAMS 0x000000008e400000| PB 0x000000008e400000| Untracked 
| 229|0x000000008e500000, 0x000000008e500000, 0x000000008e600000|  0%| F|  |TAMS 0x000000008e500000| PB 0x000000008e500000| Untracked 
| 230|0x000000008e600000, 0x000000008e600000, 0x000000008e700000|  0%| F|  |TAMS 0x000000008e600000| PB 0x000000008e600000| Untracked 
| 231|0x000000008e700000, 0x000000008e700000, 0x000000008e800000|  0%| F|  |TAMS 0x000000008e700000| PB 0x000000008e700000| Untracked 
| 232|0x000000008e800000, 0x000000008e800000, 0x000000008e900000|  0%| F|  |TAMS 0x000000008e800000| PB 0x000000008e800000| Untracked 
| 233|0x000000008e900000, 0x000000008e900000, 0x000000008ea00000|  0%| F|  |TAMS 0x000000008e900000| PB 0x000000008e900000| Untracked 
| 234|0x000000008ea00000, 0x000000008ea00000, 0x000000008eb00000|  0%| F|  |TAMS 0x000000008ea00000| PB 0x000000008ea00000| Untracked 
| 235|0x000000008eb00000, 0x000000008eb00000, 0x000000008ec00000|  0%| F|  |TAMS 0x000000008eb00000| PB 0x000000008eb00000| Untracked 
| 236|0x000000008ec00000, 0x000000008ec00000, 0x000000008ed00000|  0%| F|  |TAMS 0x000000008ec00000| PB 0x000000008ec00000| Untracked 
| 237|0x000000008ed00000, 0x000000008ed00000, 0x000000008ee00000|  0%| F|  |TAMS 0x000000008ed00000| PB 0x000000008ed00000| Untracked 
| 238|0x000000008ee00000, 0x000000008ee00000, 0x000000008ef00000|  0%| F|  |TAMS 0x000000008ee00000| PB 0x000000008ee00000| Untracked 
| 239|0x000000008ef00000, 0x000000008f000000, 0x000000008f000000|100%| S|CS|TAMS 0x000000008ef00000| PB 0x000000008ef00000| Complete 
| 240|0x000000008f000000, 0x000000008f100000, 0x000000008f100000|100%| S|CS|TAMS 0x000000008f000000| PB 0x000000008f000000| Complete 
| 241|0x000000008f100000, 0x000000008f100000, 0x000000008f200000|  0%| F|  |TAMS 0x000000008f100000| PB 0x000000008f100000| Untracked 
| 242|0x000000008f200000, 0x000000008f200000, 0x000000008f300000|  0%| F|  |TAMS 0x000000008f200000| PB 0x000000008f200000| Untracked 
| 243|0x000000008f300000, 0x000000008f300000, 0x000000008f400000|  0%| F|  |TAMS 0x000000008f300000| PB 0x000000008f300000| Untracked 
| 244|0x000000008f400000, 0x000000008f400000, 0x000000008f500000|  0%| F|  |TAMS 0x000000008f400000| PB 0x000000008f400000| Untracked 
| 245|0x000000008f500000, 0x000000008f500000, 0x000000008f600000|  0%| F|  |TAMS 0x000000008f500000| PB 0x000000008f500000| Untracked 
| 246|0x000000008f600000, 0x000000008f600000, 0x000000008f700000|  0%| F|  |TAMS 0x000000008f600000| PB 0x000000008f600000| Untracked 
| 247|0x000000008f700000, 0x000000008f700000, 0x000000008f800000|  0%| F|  |TAMS 0x000000008f700000| PB 0x000000008f700000| Untracked 
| 248|0x000000008f800000, 0x000000008f800000, 0x000000008f900000|  0%| F|  |TAMS 0x000000008f800000| PB 0x000000008f800000| Untracked 
| 249|0x000000008f900000, 0x000000008f918750, 0x000000008fa00000|  9%| E|  |TAMS 0x000000008f900000| PB 0x000000008f900000| Complete 
| 250|0x000000008fa00000, 0x000000008fb00000, 0x000000008fb00000|100%| E|CS|TAMS 0x000000008fa00000| PB 0x000000008fa00000| Complete 
| 251|0x000000008fb00000, 0x000000008fc00000, 0x000000008fc00000|100%| E|CS|TAMS 0x000000008fb00000| PB 0x000000008fb00000| Complete 
| 252|0x000000008fc00000, 0x000000008fd00000, 0x000000008fd00000|100%| E|CS|TAMS 0x000000008fc00000| PB 0x000000008fc00000| Complete 
| 253|0x000000008fd00000, 0x000000008fe00000, 0x000000008fe00000|100%| E|CS|TAMS 0x000000008fd00000| PB 0x000000008fd00000| Complete 
| 254|0x000000008fe00000, 0x000000008ff00000, 0x000000008ff00000|100%| E|CS|TAMS 0x000000008fe00000| PB 0x000000008fe00000| Complete 
| 255|0x000000008ff00000, 0x0000000090000000, 0x0000000090000000|100%| E|CS|TAMS 0x000000008ff00000| PB 0x000000008ff00000| Complete 
| 256|0x0000000090000000, 0x0000000090100000, 0x0000000090100000|100%| E|CS|TAMS 0x0000000090000000| PB 0x0000000090000000| Complete 
| 257|0x0000000090100000, 0x0000000090200000, 0x0000000090200000|100%| E|CS|TAMS 0x0000000090100000| PB 0x0000000090100000| Complete 
| 258|0x0000000090200000, 0x0000000090300000, 0x0000000090300000|100%| E|CS|TAMS 0x0000000090200000| PB 0x0000000090200000| Complete 
| 259|0x0000000090300000, 0x0000000090400000, 0x0000000090400000|100%| E|CS|TAMS 0x0000000090300000| PB 0x0000000090300000| Complete 
| 260|0x0000000090400000, 0x0000000090500000, 0x0000000090500000|100%| E|CS|TAMS 0x0000000090400000| PB 0x0000000090400000| Complete 
| 261|0x0000000090500000, 0x0000000090600000, 0x0000000090600000|100%| E|CS|TAMS 0x0000000090500000| PB 0x0000000090500000| Complete 
| 262|0x0000000090600000, 0x0000000090700000, 0x0000000090700000|100%| E|CS|TAMS 0x0000000090600000| PB 0x0000000090600000| Complete 
| 263|0x0000000090700000, 0x0000000090800000, 0x0000000090800000|100%| E|CS|TAMS 0x0000000090700000| PB 0x0000000090700000| Complete 
| 264|0x0000000090800000, 0x0000000090900000, 0x0000000090900000|100%| E|CS|TAMS 0x0000000090800000| PB 0x0000000090800000| Complete 
| 265|0x0000000090900000, 0x0000000090a00000, 0x0000000090a00000|100%| E|CS|TAMS 0x0000000090900000| PB 0x0000000090900000| Complete 
| 266|0x0000000090a00000, 0x0000000090b00000, 0x0000000090b00000|100%| E|CS|TAMS 0x0000000090a00000| PB 0x0000000090a00000| Complete 
| 267|0x0000000090b00000, 0x0000000090c00000, 0x0000000090c00000|100%| E|CS|TAMS 0x0000000090b00000| PB 0x0000000090b00000| Complete 
|2032|0x00000000ff000000, 0x00000000ff100000, 0x00000000ff100000|100%| O|Cm|TAMS 0x00000000ff000000| PB 0x00000000ff000000| Complete 
|2033|0x00000000ff100000, 0x00000000ff200000, 0x00000000ff200000|100%| O|Cm|TAMS 0x00000000ff100000| PB 0x00000000ff100000| Complete 
|2034|0x00000000ff200000, 0x00000000ff300000, 0x00000000ff300000|100%| O|  |TAMS 0x00000000ff200000| PB 0x00000000ff200000| Untracked 
|2035|0x00000000ff300000, 0x00000000ff400000, 0x00000000ff400000|100%| O|  |TAMS 0x00000000ff300000| PB 0x00000000ff300000| Untracked 
|2036|0x00000000ff400000, 0x00000000ff500000, 0x00000000ff500000|100%| O|  |TAMS 0x00000000ff400000| PB 0x00000000ff400000| Untracked 
|2037|0x00000000ff500000, 0x00000000ff600000, 0x00000000ff600000|100%| O|Cm|TAMS 0x00000000ff500000| PB 0x00000000ff500000| Complete 
|2038|0x00000000ff600000, 0x00000000ff700000, 0x00000000ff700000|100%| O|  |TAMS 0x00000000ff600000| PB 0x00000000ff600000| Untracked 
|2039|0x00000000ff700000, 0x00000000ff800000, 0x00000000ff800000|100%| O|  |TAMS 0x00000000ff700000| PB 0x00000000ff700000| Untracked 
|2040|0x00000000ff800000, 0x00000000ff900000, 0x00000000ff900000|100%| O|  |TAMS 0x00000000ff800000| PB 0x00000000ff800000| Untracked 
|2041|0x00000000ff900000, 0x00000000ffa00000, 0x00000000ffa00000|100%| O|  |TAMS 0x00000000ff900000| PB 0x00000000ff900000| Untracked 
|2042|0x00000000ffa00000, 0x00000000ffb00000, 0x00000000ffb00000|100%| O|  |TAMS 0x00000000ffa00000| PB 0x00000000ffa00000| Untracked 
|2043|0x00000000ffb00000, 0x00000000ffc00000, 0x00000000ffc00000|100%| O|  |TAMS 0x00000000ffb00000| PB 0x00000000ffb00000| Untracked 
|2044|0x00000000ffc00000, 0x00000000ffd00000, 0x00000000ffd00000|100%| E|CS|TAMS 0x00000000ffc00000| PB 0x00000000ffc00000| Complete 
|2045|0x00000000ffd00000, 0x00000000ffe00000, 0x00000000ffe00000|100%| E|CS|TAMS 0x00000000ffd00000| PB 0x00000000ffd00000| Complete 
|2046|0x00000000ffe00000, 0x00000000fff00000, 0x00000000fff00000|100%| E|CS|TAMS 0x00000000ffe00000| PB 0x00000000ffe00000| Complete 
|2047|0x00000000fff00000, 0x0000000100000000, 0x0000000100000000|100%| E|CS|TAMS 0x00000000fff00000| PB 0x00000000fff00000| Complete 

Card table byte_map: [0x0000024ade750000,0x0000024adeb50000] _byte_map_base: 0x0000024ade350000

Marking Bits: (CMBitMap*) 0x0000024acbf36f20
 Bits: [0x0000024adeb50000, 0x0000024ae0b50000)

Polling page: 0x0000024ac9ff0000

Metaspace:

Usage:
  Non-class:    101.38 MB used.
      Class:     15.72 MB used.
       Both:    117.10 MB used.

Virtual space:
  Non-class space:      128.00 MB reserved,     102.38 MB ( 80%) committed,  2 nodes.
      Class space:        1.00 GB reserved,      16.81 MB (  2%) committed,  1 nodes.
             Both:        1.12 GB reserved,     119.19 MB ( 10%) committed. 

Chunk freelists:
   Non-Class:  9.12 MB
       Class:  15.16 MB
        Both:  24.28 MB

MaxMetaspaceSize: unlimited
CompressedClassSpaceSize: 1.00 GB
Initial GC threshold: 21.00 MB
Current GC threshold: 194.50 MB
CDS: off
 - commit_granule_bytes: 65536.
 - commit_granule_words: 8192.
 - virtual_space_node_default_size: 8388608.
 - enlarge_chunks_in_place: 1.
 - use_allocation_guard: 0.


Internal statistics:

num_allocs_failed_limit: 9.
num_arena_births: 4264.
num_arena_deaths: 0.
num_vsnodes_births: 3.
num_vsnodes_deaths: 0.
num_space_committed: 1906.
num_space_uncommitted: 0.
num_chunks_returned_to_freelist: 9.
num_chunks_taken_from_freelist: 9290.
num_chunk_merges: 9.
num_chunk_splits: 5955.
num_chunks_enlarged: 3665.
num_inconsistent_stats: 0.

CodeHeap 'non-profiled nmethods': size=120000Kb used=9115Kb max_used=10276Kb free=110884Kb
 bounds [0x0000024ad6af0000, 0x0000024ad7500000, 0x0000024ade020000]
CodeHeap 'profiled nmethods': size=120000Kb used=20844Kb max_used=25812Kb free=99155Kb
 bounds [0x0000024acf020000, 0x0000024ad0960000, 0x0000024ad6550000]
CodeHeap 'non-nmethods': size=5760Kb used=2204Kb max_used=2248Kb free=3555Kb
 bounds [0x0000024ad6550000, 0x0000024ad67c0000, 0x0000024ad6af0000]
 total_blobs=11936 nmethods=11015 adapters=824
 compilation: enabled
              stopped_count=0, restarted_count=0
 full_count=0

Compilation events (20 events):
Event: 1490.064 Thread 0x0000024ae3777b60 17031       3       com.google.common.collect.RegularImmutableMap$Values::get (15 bytes)
Event: 1490.065 Thread 0x0000024ae3777b60 nmethod 17031 0x0000024acf741410 code [0x0000024acf7415c0, 0x0000024acf7417c0]
Event: 1490.065 Thread 0x0000024ae3777b60 17033       3       com.google.common.collect.RegularImmutableMap::get (64 bytes)
Event: 1490.065 Thread 0x0000024ae3777b60 nmethod 17033 0x0000024acf40af90 code [0x0000024acf40b1a0, 0x0000024acf40b718]
Event: 1490.072 Thread 0x0000024ae3777b60 17034       1       org.gradle.execution.plan.LocalTaskNode::getValidationContext (5 bytes)
Event: 1490.072 Thread 0x0000024ae3777b60 nmethod 17034 0x0000024ad6e07510 code [0x0000024ad6e076a0, 0x0000024ad6e07768]
Event: 1490.073 Thread 0x0000024ae3777b60 17035       1       org.gradle.internal.operations.BuildOperationDescriptor::getName (5 bytes)
Event: 1490.073 Thread 0x0000024ae3777b60 nmethod 17035 0x0000024ad6e0ea10 code [0x0000024ad6e0eba0, 0x0000024ad6e0ec68]
Event: 1490.073 Thread 0x0000024ae3777b60 17037       3       org.gradle.internal.build.event.types.DefaultTaskDescriptor::<init> (44 bytes)
Event: 1490.074 Thread 0x0000024ae3777b60 nmethod 17037 0x0000024acf46a410 code [0x0000024acf46a5e0, 0x0000024acf46a9e0]
Event: 1490.074 Thread 0x0000024ae3777b60 17036       1       org.gradle.api.internal.tasks.execution.ExecuteTaskBuildOperationDetails::getTaskNode (5 bytes)
Event: 1490.074 Thread 0x0000024ae3777b60 nmethod 17036 0x0000024ad6e1e910 code [0x0000024ad6e1eaa0, 0x0000024ad6e1eb68]
Event: 1490.074 Thread 0x0000024ae3777b60 17038       1       org.gradle.tooling.internal.provider.runner.BuildOperationMapper::createProgressEvent (2 bytes)
Event: 1490.074 Thread 0x0000024ae3777b60 nmethod 17038 0x0000024ad6e21490 code [0x0000024ad6e21620, 0x0000024ad6e216f0]
Event: 1490.131 Thread 0x0000024ae3777b60 17041   !   3       java.util.concurrent.ArrayBlockingQueue::take (46 bytes)
Event: 1490.132 Thread 0x0000024ae3777b60 nmethod 17041 0x0000024acf15fd90 code [0x0000024acf160040, 0x0000024acf160d20]
Event: 1490.197 Thread 0x0000024ae3777b60 17042       3       org.gradle.internal.service.DefaultServiceRegistry$CompositeServiceProvider::getFactory (52 bytes)
Event: 1490.197 Thread 0x0000024ae3777b60 nmethod 17042 0x0000024acf403a90 code [0x0000024acf403c60, 0x0000024acf403f78]
Event: 1490.216 Thread 0x0000024ae3777b60 17043       3       java.util.jar.Attributes$Name::hash (148 bytes)
Event: 1490.217 Thread 0x0000024ae3777b60 nmethod 17043 0x0000024acf516f90 code [0x0000024acf517220, 0x0000024acf517e40]

GC Heap History (20 events):
Event: 29.465 GC heap before
{Heap before GC invocations=43 (full 0):
 garbage-first heap   total 158720K, used 142142K [0x0000000080000000, 0x0000000100000000)
  region size 1024K, 51 young (52224K), 4 survivors (4096K)
 Metaspace       used 108443K, committed 110528K, reserved 1179648K
  class space    used 14904K, committed 15936K, reserved 1048576K
}
Event: 29.474 GC heap after
{Heap after GC invocations=44 (full 0):
 garbage-first heap   total 190464K, used 96164K [0x0000000080000000, 0x0000000100000000)
  region size 1024K, 7 young (7168K), 7 survivors (7168K)
 Metaspace       used 108443K, committed 110528K, reserved 1179648K
  class space    used 14904K, committed 15936K, reserved 1048576K
}
Event: 30.291 GC heap before
{Heap before GC invocations=44 (full 0):
 garbage-first heap   total 190464K, used 164772K [0x0000000080000000, 0x0000000100000000)
  region size 1024K, 75 young (76800K), 7 survivors (7168K)
 Metaspace       used 108571K, committed 110656K, reserved 1179648K
  class space    used 14914K, committed 15936K, reserved 1048576K
}
Event: 30.301 GC heap after
{Heap after GC invocations=45 (full 0):
 garbage-first heap   total 190464K, used 98944K [0x0000000080000000, 0x0000000100000000)
  region size 1024K, 8 young (8192K), 8 survivors (8192K)
 Metaspace       used 108571K, committed 110656K, reserved 1179648K
  class space    used 14914K, committed 15936K, reserved 1048576K
}
Event: 30.561 GC heap before
{Heap before GC invocations=45 (full 0):
 garbage-first heap   total 190464K, used 136832K [0x0000000080000000, 0x0000000100000000)
  region size 1024K, 46 young (47104K), 8 survivors (8192K)
 Metaspace       used 108702K, committed 110848K, reserved 1179648K
  class space    used 14944K, committed 16000K, reserved 1048576K
}
Event: 30.569 GC heap after
{Heap after GC invocations=46 (full 0):
 garbage-first heap   total 190464K, used 100465K [0x0000000080000000, 0x0000000100000000)
  region size 1024K, 7 young (7168K), 7 survivors (7168K)
 Metaspace       used 108702K, committed 110848K, reserved 1179648K
  class space    used 14944K, committed 16000K, reserved 1048576K
}
Event: 31.397 GC heap before
{Heap before GC invocations=47 (full 0):
 garbage-first heap   total 190464K, used 176241K [0x0000000080000000, 0x0000000100000000)
  region size 1024K, 77 young (78848K), 7 survivors (7168K)
 Metaspace       used 110743K, committed 112832K, reserved 1179648K
  class space    used 15106K, committed 16128K, reserved 1048576K
}
Event: 31.408 GC heap after
{Heap after GC invocations=48 (full 0):
 garbage-first heap   total 190464K, used 103663K [0x0000000080000000, 0x0000000100000000)
  region size 1024K, 8 young (8192K), 8 survivors (8192K)
 Metaspace       used 110743K, committed 112832K, reserved 1179648K
  class space    used 15106K, committed 16128K, reserved 1048576K
}
Event: 35.137 GC heap before
{Heap before GC invocations=48 (full 0):
 garbage-first heap   total 190464K, used 170223K [0x0000000080000000, 0x0000000100000000)
  region size 1024K, 74 young (75776K), 8 survivors (8192K)
 Metaspace       used 111465K, committed 113536K, reserved 1179648K
  class space    used 15210K, committed 16256K, reserved 1048576K
}
Event: 35.147 GC heap after
{Heap after GC invocations=49 (full 0):
 garbage-first heap   total 190464K, used 104624K [0x0000000080000000, 0x0000000100000000)
  region size 1024K, 5 young (5120K), 5 survivors (5120K)
 Metaspace       used 111465K, committed 113536K, reserved 1179648K
  class space    used 15210K, committed 16256K, reserved 1048576K
}
Event: 1476.500 GC heap before
{Heap before GC invocations=49 (full 0):
 garbage-first heap   total 190464K, used 173232K [0x0000000080000000, 0x0000000100000000)
  region size 1024K, 72 young (73728K), 5 survivors (5120K)
 Metaspace       used 114384K, committed 116544K, reserved 1179648K
  class space    used 15579K, committed 16640K, reserved 1048576K
}
Event: 1476.699 GC heap after
{Heap after GC invocations=50 (full 0):
 garbage-first heap   total 190464K, used 105890K [0x0000000080000000, 0x0000000100000000)
  region size 1024K, 7 young (7168K), 7 survivors (7168K)
 Metaspace       used 114384K, committed 116544K, reserved 1179648K
  class space    used 15579K, committed 16640K, reserved 1048576K
}
Event: 1480.581 GC heap before
{Heap before GC invocations=51 (full 0):
 garbage-first heap   total 190464K, used 171426K [0x0000000080000000, 0x0000000100000000)
  region size 1024K, 71 young (72704K), 7 survivors (7168K)
 Metaspace       used 114843K, committed 116992K, reserved 1179648K
  class space    used 15581K, committed 16640K, reserved 1048576K
}
Event: 1480.628 GC heap after
{Heap after GC invocations=52 (full 0):
 garbage-first heap   total 190464K, used 113277K [0x0000000080000000, 0x0000000100000000)
  region size 1024K, 9 young (9216K), 9 survivors (9216K)
 Metaspace       used 114843K, committed 116992K, reserved 1179648K
  class space    used 15581K, committed 16640K, reserved 1048576K
}
Event: 1485.472 GC heap before
{Heap before GC invocations=52 (full 0):
 garbage-first heap   total 190464K, used 172669K [0x0000000080000000, 0x0000000100000000)
  region size 1024K, 65 young (66560K), 9 survivors (9216K)
 Metaspace       used 117046K, committed 119232K, reserved 1179648K
  class space    used 15818K, committed 16896K, reserved 1048576K
}
Event: 1485.511 GC heap after
{Heap after GC invocations=53 (full 0):
 garbage-first heap   total 206848K, used 134144K [0x0000000080000000, 0x0000000100000000)
  region size 1024K, 9 young (9216K), 9 survivors (9216K)
 Metaspace       used 117046K, committed 119232K, reserved 1179648K
  class space    used 15818K, committed 16896K, reserved 1048576K
}
Event: 1487.108 GC heap before
{Heap before GC invocations=53 (full 0):
 garbage-first heap   total 206848K, used 175104K [0x0000000080000000, 0x0000000100000000)
  region size 1024K, 50 young (51200K), 9 survivors (9216K)
 Metaspace       used 117203K, committed 119296K, reserved 1179648K
  class space    used 15826K, committed 16896K, reserved 1048576K
}
Event: 1487.130 GC heap after
{Heap after GC invocations=54 (full 0):
 garbage-first heap   total 206848K, used 148403K [0x0000000080000000, 0x0000000100000000)
  region size 1024K, 7 young (7168K), 7 survivors (7168K)
 Metaspace       used 117203K, committed 119296K, reserved 1179648K
  class space    used 15826K, committed 16896K, reserved 1048576K
}
Event: 1489.689 GC heap before
{Heap before GC invocations=55 (full 0):
 garbage-first heap   total 290816K, used 204723K [0x0000000080000000, 0x0000000100000000)
  region size 1024K, 38 young (38912K), 7 survivors (7168K)
 Metaspace       used 119713K, committed 121920K, reserved 1179648K
  class space    used 16081K, committed 17216K, reserved 1048576K
}
Event: 1489.700 GC heap after
{Heap after GC invocations=56 (full 0):
 garbage-first heap   total 290816K, used 150900K [0x0000000080000000, 0x0000000100000000)
  region size 1024K, 2 young (2048K), 2 survivors (2048K)
 Metaspace       used 119713K, committed 121920K, reserved 1179648K
  class space    used 16081K, committed 17216K, reserved 1048576K
}

Dll operation events (3 events):
Event: 0.028 Loaded shared library C:\Program Files\Android\Android Studio\jbr\bin\java.dll
Event: 0.047 Loaded shared library C:\Program Files\Android\Android Studio\jbr\bin\zip.dll
Event: 1.729 Loaded shared library C:\Program Files\Android\Android Studio\jbr\bin\verify.dll

Deoptimization events (20 events):
Event: 1490.060 Thread 0x0000024aed76eb50 Uncommon trap: trap_request=0xffffffde fr.pc=0x0000024ad6b47b5c relative=0x000000000000019c
Event: 1490.060 Thread 0x0000024aed76eb50 Uncommon trap: reason=class_check action=maybe_recompile pc=0x0000024ad6b47b5c method=com.google.common.collect.RegularImmutableMap.get(Ljava/lang/Object;[Lcom/google/common/collect/ImmutableMapEntry;I)Ljava/lang/Object; @ 54 c2
Event: 1490.060 Thread 0x0000024aed76eb50 DEOPT PACKING pc=0x0000024ad6b47b5c sp=0x00000089914fddb0
Event: 1490.061 Thread 0x0000024aed76eb50 DEOPT UNPACKING pc=0x0000024ad65a46a2 sp=0x00000089914fdcd8 mode 2
Event: 1490.062 Thread 0x0000024aed76eb50 Uncommon trap: trap_request=0xffffffde fr.pc=0x0000024ad6b47b5c relative=0x000000000000019c
Event: 1490.062 Thread 0x0000024aed76eb50 Uncommon trap: reason=class_check action=maybe_recompile pc=0x0000024ad6b47b5c method=com.google.common.collect.RegularImmutableMap.get(Ljava/lang/Object;[Lcom/google/common/collect/ImmutableMapEntry;I)Ljava/lang/Object; @ 54 c2
Event: 1490.062 Thread 0x0000024aed76eb50 DEOPT PACKING pc=0x0000024ad6b47b5c sp=0x00000089914fddb0
Event: 1490.062 Thread 0x0000024aed76eb50 DEOPT UNPACKING pc=0x0000024ad65a46a2 sp=0x00000089914fdcd8 mode 2
Event: 1490.062 Thread 0x0000024aed76eb50 Uncommon trap: trap_request=0xffffffde fr.pc=0x0000024ad6b47b5c relative=0x000000000000019c
Event: 1490.062 Thread 0x0000024aed76eb50 Uncommon trap: reason=class_check action=maybe_recompile pc=0x0000024ad6b47b5c method=com.google.common.collect.RegularImmutableMap.get(Ljava/lang/Object;[Lcom/google/common/collect/ImmutableMapEntry;I)Ljava/lang/Object; @ 54 c2
Event: 1490.062 Thread 0x0000024aed76eb50 DEOPT PACKING pc=0x0000024ad6b47b5c sp=0x00000089914fddb0
Event: 1490.062 Thread 0x0000024aed76eb50 DEOPT UNPACKING pc=0x0000024ad65a46a2 sp=0x00000089914fdcd8 mode 2
Event: 1490.062 Thread 0x0000024aed76eb50 Uncommon trap: trap_request=0xffffffde fr.pc=0x0000024ad6b47b5c relative=0x000000000000019c
Event: 1490.062 Thread 0x0000024aed76eb50 Uncommon trap: reason=class_check action=maybe_recompile pc=0x0000024ad6b47b5c method=com.google.common.collect.RegularImmutableMap.get(Ljava/lang/Object;[Lcom/google/common/collect/ImmutableMapEntry;I)Ljava/lang/Object; @ 54 c2
Event: 1490.062 Thread 0x0000024aed76eb50 DEOPT PACKING pc=0x0000024ad6b47b5c sp=0x00000089914fddb0
Event: 1490.062 Thread 0x0000024aed76eb50 DEOPT UNPACKING pc=0x0000024ad65a46a2 sp=0x00000089914fdcd8 mode 2
Event: 1490.062 Thread 0x0000024aed76eb50 Uncommon trap: trap_request=0xffffff45 fr.pc=0x0000024ad743e6b0 relative=0x0000000000000170
Event: 1490.062 Thread 0x0000024aed76eb50 Uncommon trap: reason=unstable_if action=reinterpret pc=0x0000024ad743e6b0 method=com.google.common.collect.RegularImmutableMap.get(Ljava/lang/Object;[Lcom/google/common/collect/ImmutableMapEntry;I)Ljava/lang/Object; @ 27 c2
Event: 1490.062 Thread 0x0000024aed76eb50 DEOPT PACKING pc=0x0000024ad743e6b0 sp=0x00000089914fdd40
Event: 1490.062 Thread 0x0000024aed76eb50 DEOPT UNPACKING pc=0x0000024ad65a46a2 sp=0x00000089914fdcd8 mode 2

Classes loaded (20 events):
Event: 1489.232 Loading class java/util/stream/Streams$1
Event: 1489.234 Loading class java/util/stream/Streams$1 done
Event: 1489.265 Loading class java/nio/file/FileChannelLinesSpliterator$1
Event: 1489.265 Loading class java/nio/file/FileChannelLinesSpliterator$1 done
Event: 1489.440 Loading class com/sun/org/apache/xerces/internal/util/URI
Event: 1489.448 Loading class com/sun/org/apache/xerces/internal/util/URI done
Event: 1489.451 Loading class java/net/HttpURLConnection
Event: 1489.477 Loading class java/net/HttpURLConnection done
Event: 1489.482 Loading class com/sun/org/apache/xerces/internal/dom/DeferredElementImpl
Event: 1489.484 Loading class com/sun/org/apache/xerces/internal/dom/DeferredElementImpl done
Event: 1489.485 Loading class com/sun/org/apache/xerces/internal/dom/DeferredAttrImpl
Event: 1489.486 Loading class com/sun/org/apache/xerces/internal/dom/DeferredAttrImpl done
Event: 1489.878 Loading class com/sun/org/apache/xerces/internal/dom/DeferredCommentImpl
Event: 1489.878 Loading class com/sun/org/apache/xerces/internal/dom/CommentImpl
Event: 1489.878 Loading class org/w3c/dom/Comment
Event: 1489.880 Loading class org/w3c/dom/Comment done
Event: 1489.881 Loading class com/sun/org/apache/xerces/internal/dom/CommentImpl done
Event: 1489.926 Loading class com/sun/org/apache/xerces/internal/dom/DeferredCommentImpl done
Event: 1490.059 Loading class sun/nio/ch/ChannelOutputStream
Event: 1490.060 Loading class sun/nio/ch/ChannelOutputStream done

Classes unloaded (0 events):
No events

Classes redefined (0 events):
No events

Internal exceptions (20 events):
Event: 1483.575 Thread 0x0000024aea6c1b80 Implicit null exception at 0x0000024ad74347b0 to 0x0000024ad7434a18
Event: 1483.575 Thread 0x0000024aea6c1b80 Implicit null exception at 0x0000024ad7430f92 to 0x0000024ad74311c0
Event: 1486.112 Thread 0x0000024aea6c1b80 Exception <a 'sun/nio/fs/WindowsException'{0x000000008a081168}> (0x000000008a081168) 
thrown [s\src\hotspot\share\prims\jni.cpp, line 535]
Event: 1486.171 Thread 0x0000024aea6c1b80 Exception <a 'sun/nio/fs/WindowsException'{0x000000008a082260}> (0x000000008a082260) 
thrown [s\src\hotspot\share\prims\jni.cpp, line 535]
Event: 1486.295 Thread 0x0000024aea6c1b80 Exception <a 'sun/nio/fs/WindowsException'{0x000000008a0913d8}> (0x000000008a0913d8) 
thrown [s\src\hotspot\share\prims\jni.cpp, line 535]
Event: 1486.296 Thread 0x0000024aea6c1b80 Exception <a 'sun/nio/fs/WindowsException'{0x000000008a092448}> (0x000000008a092448) 
thrown [s\src\hotspot\share\prims\jni.cpp, line 535]
Event: 1486.570 Thread 0x0000024aea6c1b80 Implicit null exception at 0x0000024ad7433b83 to 0x0000024ad7433c24
Event: 1487.619 Thread 0x0000024aea6c1b80 Exception <a 'java/lang/NoSuchMethodError'{0x00000000ffca4890}: static Lcom/android/ide/common/resources/CompileResourceRequest;.<clinit>()V> (0x00000000ffca4890) 
thrown [s\src\hotspot\share\prims\jni.cpp, line 1135]
Event: 1487.720 Thread 0x0000024aea6c1b80 Exception <a 'java/lang/NoSuchMethodError'{0x0000000090b83c20}: static Lkotlin/InitializedLazyImpl;.<clinit>()V> (0x0000000090b83c20) 
thrown [s\src\hotspot\share\prims\jni.cpp, line 1135]
Event: 1488.020 Thread 0x0000024aea6bd9e0 Implicit null exception at 0x0000024ad740ea8f to 0x0000024ad741073c
Event: 1488.164 Thread 0x0000024aed76eb50 Implicit null exception at 0x0000024ad71c6bda to 0x0000024ad71c8610
Event: 1488.386 Thread 0x0000024aea6bd9e0 Implicit null exception at 0x0000024ad74406c9 to 0x0000024ad7444390
Event: 1488.445 Thread 0x0000024aea6bd9e0 Implicit null exception at 0x0000024ad74a9a9e to 0x0000024ad74aa064
Event: 1488.457 Thread 0x0000024aea6bd9e0 Exception <a 'sun/nio/fs/WindowsException'{0x0000000090479398}> (0x0000000090479398) 
thrown [s\src\hotspot\share\prims\jni.cpp, line 535]
Event: 1488.458 Thread 0x0000024aea6bd9e0 Exception <a 'sun/nio/fs/WindowsException'{0x000000009047a408}> (0x000000009047a408) 
thrown [s\src\hotspot\share\prims\jni.cpp, line 535]
Event: 1488.465 Thread 0x0000024aea6bd9e0 Exception <a 'sun/nio/fs/WindowsException'{0x000000009047cca0}> (0x000000009047cca0) 
thrown [s\src\hotspot\share\prims\jni.cpp, line 535]
Event: 1488.467 Thread 0x0000024aea6bd9e0 Exception <a 'sun/nio/fs/WindowsException'{0x000000009047dd10}> (0x000000009047dd10) 
thrown [s\src\hotspot\share\prims\jni.cpp, line 535]
Event: 1488.489 Thread 0x0000024aea6bd9e0 Exception <a 'sun/nio/fs/WindowsException'{0x0000000090482528}> (0x0000000090482528) 
thrown [s\src\hotspot\share\prims\jni.cpp, line 535]
Event: 1489.532 Thread 0x0000024aea6c1b80 Exception <a 'sun/nio/fs/WindowsException'{0x000000008f58d0b8}> (0x000000008f58d0b8) 
thrown [s\src\hotspot\share\prims\jni.cpp, line 535]
Event: 1489.742 Thread 0x0000024aea6c1b80 Exception <a 'sun/nio/fs/WindowsException'{0x00000000ffe3b500}> (0x00000000ffe3b500) 
thrown [s\src\hotspot\share\prims\jni.cpp, line 535]

ZGC Phase Switch (0 events):
No events

VM Operations (20 events):
Event: 1487.108 Executing VM operation: G1TryInitiateConcMark (G1 Humongous Allocation)
Event: 1487.131 Executing VM operation: G1TryInitiateConcMark (G1 Humongous Allocation) done
Event: 1487.491 Executing VM operation: G1PauseRemark
Event: 1487.578 Executing VM operation: G1PauseRemark done
Event: 1487.732 Executing VM operation: G1PauseCleanup
Event: 1487.757 Executing VM operation: G1PauseCleanup done
Event: 1487.942 Executing VM operation: HandshakeAllThreads (Deoptimize)
Event: 1487.943 Executing VM operation: HandshakeAllThreads (Deoptimize) done
Event: 1488.957 Executing VM operation: Cleanup
Event: 1488.957 Executing VM operation: Cleanup done
Event: 1489.426 Executing VM operation: HandshakeAllThreads (Deoptimize)
Event: 1489.426 Executing VM operation: HandshakeAllThreads (Deoptimize) done
Event: 1489.689 Executing VM operation: G1CollectForAllocation (G1 Evacuation Pause)
Event: 1489.701 Executing VM operation: G1CollectForAllocation (G1 Evacuation Pause) done
Event: 1489.790 Executing VM operation: HandshakeAllThreads (Deoptimize)
Event: 1489.803 Executing VM operation: HandshakeAllThreads (Deoptimize) done
Event: 1489.888 Executing VM operation: HandshakeAllThreads (Deoptimize)
Event: 1489.925 Executing VM operation: HandshakeAllThreads (Deoptimize) done
Event: 1490.927 Executing VM operation: Cleanup
Event: 1490.927 Executing VM operation: Cleanup done

Memory protections (0 events):
No events

Nmethod flushes (20 events):
Event: 1487.569 Thread 0x0000024ae35cd3a0 flushing  nmethod 0x0000024ad023a610
Event: 1487.569 Thread 0x0000024ae35cd3a0 flushing  nmethod 0x0000024ad023aa10
Event: 1487.569 Thread 0x0000024ae35cd3a0 flushing  nmethod 0x0000024ad023fc10
Event: 1487.569 Thread 0x0000024ae35cd3a0 flushing  nmethod 0x0000024ad0240210
Event: 1487.569 Thread 0x0000024ae35cd3a0 flushing  nmethod 0x0000024ad0273e10
Event: 1487.569 Thread 0x0000024ae35cd3a0 flushing  nmethod 0x0000024ad027ee90
Event: 1487.569 Thread 0x0000024ae35cd3a0 flushing  nmethod 0x0000024ad02b0810
Event: 1487.569 Thread 0x0000024ae35cd3a0 flushing  nmethod 0x0000024ad02b8390
Event: 1487.569 Thread 0x0000024ae35cd3a0 flushing  nmethod 0x0000024ad0325f10
Event: 1487.569 Thread 0x0000024ae35cd3a0 flushing  nmethod 0x0000024ad0326310
Event: 1487.569 Thread 0x0000024ae35cd3a0 flushing  nmethod 0x0000024ad0329510
Event: 1487.569 Thread 0x0000024ae35cd3a0 flushing  nmethod 0x0000024ad036bf10
Event: 1487.569 Thread 0x0000024ae35cd3a0 flushing  nmethod 0x0000024ad0477e10
Event: 1487.569 Thread 0x0000024ae35cd3a0 flushing  nmethod 0x0000024ad04df810
Event: 1487.569 Thread 0x0000024ae35cd3a0 flushing  nmethod 0x0000024ad04dfd90
Event: 1487.569 Thread 0x0000024ae35cd3a0 flushing  nmethod 0x0000024ad04e0790
Event: 1487.569 Thread 0x0000024ae35cd3a0 flushing  nmethod 0x0000024ad04e1a90
Event: 1487.569 Thread 0x0000024ae35cd3a0 flushing  nmethod 0x0000024ad04e2090
Event: 1487.569 Thread 0x0000024ae35cd3a0 flushing  nmethod 0x0000024ad04e3890
Event: 1487.569 Thread 0x0000024ae35cd3a0 flushing  nmethod 0x0000024ad0539490

Events (20 events):
Event: 1483.261 Thread 0x0000024ae37996b0 Thread added: 0x0000024aebbb22e0
Event: 1484.819 Thread 0x0000024aebbb22e0 Thread exited: 0x0000024aebbb22e0
Event: 1485.358 Thread 0x0000024ae37996b0 Thread added: 0x0000024aebbb22e0
Event: 1487.727 Thread 0x0000024aea6c1b80 Thread added: 0x0000024aed76eb50
Event: 1487.936 Thread 0x0000024aebbb22e0 Thread exited: 0x0000024aebbb22e0
Event: 1488.025 Thread 0x0000024ae3777b60 Thread added: 0x0000024aebbb3750
Event: 1488.345 Thread 0x0000024aebbb3750 Thread exited: 0x0000024aebbb3750
Event: 1488.527 Thread 0x0000024ae3777b60 Thread added: 0x0000024aebbb3750
Event: 1488.834 Thread 0x0000024aebbb3750 Thread exited: 0x0000024aebbb3750
Event: 1489.059 Thread 0x0000024aea6bd9e0 Thread added: 0x0000024aea647410
Event: 1489.333 Thread 0x0000024aea6c1b80 Thread added: 0x0000024aea6466f0
Event: 1489.334 Thread 0x0000024aea6c1b80 Thread added: 0x0000024aea645340
Event: 1489.424 Thread 0x0000024ae37996b0 Thread added: 0x0000024aebbb3750
Event: 1489.871 Thread 0x0000024aea6c1b80 Thread added: 0x0000024aea644cb0
Event: 1489.871 Thread 0x0000024aea6c1b80 Thread added: 0x0000024aea646d80
Event: 1489.871 Thread 0x0000024aea6c1b80 Thread added: 0x0000024aea643f90
Event: 1489.871 Thread 0x0000024aea6c1b80 Thread added: 0x0000024aea647aa0
Event: 1489.874 Thread 0x0000024aea6c1b80 Thread added: 0x0000024aea6459d0
Event: 1489.874 Thread 0x0000024aea6c1b80 Thread added: 0x0000024aea644620
Event: 1489.876 Thread 0x0000024aea6c1b80 Thread added: 0x0000024aea649b70


Dynamic libraries:
0x00007ff72b6f0000 - 0x00007ff72b6fa000 	C:\Program Files\Android\Android Studio\jbr\bin\java.exe
0x00007ff920680000 - 0x00007ff9208e3000 	C:\WINDOWS\SYSTEM32\ntdll.dll
0x00007ff91f5d0000 - 0x00007ff91f697000 	C:\WINDOWS\System32\KERNEL32.DLL
0x00007ff91dec0000 - 0x00007ff91e289000 	C:\WINDOWS\System32\KERNELBASE.dll
0x00007ff91dac0000 - 0x00007ff91dc0c000 	C:\WINDOWS\System32\ucrtbase.dll
0x00007ff91a860000 - 0x00007ff91a87b000 	C:\Program Files\Android\Android Studio\jbr\bin\VCRUNTIME140.dll
0x00007ff91a810000 - 0x00007ff91a828000 	C:\Program Files\Android\Android Studio\jbr\bin\jli.dll
0x00007ff91f400000 - 0x00007ff91f5ca000 	C:\WINDOWS\System32\USER32.dll
0x00007ff907040000 - 0x00007ff9072d0000 	C:\WINDOWS\WinSxS\amd64_microsoft.windows.common-controls_6595b64144ccf1df_6.0.26100.3323_none_3e088096e3344490\COMCTL32.dll
0x00007ff91da90000 - 0x00007ff91dab7000 	C:\WINDOWS\System32\win32u.dll
0x00007ff91e510000 - 0x00007ff91e53a000 	C:\WINDOWS\System32\GDI32.dll
0x00007ff920370000 - 0x00007ff920419000 	C:\WINDOWS\System32\msvcrt.dll
0x00007ff91dd80000 - 0x00007ff91deb1000 	C:\WINDOWS\System32\gdi32full.dll
0x00007ff91dcd0000 - 0x00007ff91dd73000 	C:\WINDOWS\System32\msvcp_win.dll
0x00007ff9204e0000 - 0x00007ff92050f000 	C:\WINDOWS\System32\IMM32.DLL
0x00007ff8fad00000 - 0x00007ff8fadeb000 	C:\Program Files\Windhawk\Engine\1.5.1\64\windhawk.dll
0x00007ff920420000 - 0x00007ff9204d2000 	C:\WINDOWS\System32\ADVAPI32.dll
0x00007ff9164a0000 - 0x00007ff9165be000 	C:\WINDOWS\SYSTEM32\WINHTTP.dll
0x00007ff91edd0000 - 0x00007ff91ee76000 	C:\WINDOWS\System32\sechost.dll
0x00007ff91ecb0000 - 0x00007ff91edc6000 	C:\WINDOWS\System32\RPCRT4.dll
0x00007ff91a7f0000 - 0x00007ff91a7fc000 	C:\Program Files\Android\Android Studio\jbr\bin\vcruntime140_1.dll
0x00007ff908c10000 - 0x00007ff908c9d000 	C:\Program Files\Android\Android Studio\jbr\bin\msvcp140.dll
0x00007ff8bae40000 - 0x00007ff8bbaca000 	C:\Program Files\Android\Android Studio\jbr\bin\server\jvm.dll
0x00007ff91f380000 - 0x00007ff91f3f4000 	C:\WINDOWS\System32\WS2_32.dll
0x00007ff91d710000 - 0x00007ff91d75e000 	C:\WINDOWS\SYSTEM32\POWRPROF.dll
0x00007ff9165d0000 - 0x00007ff916606000 	C:\WINDOWS\SYSTEM32\WINMM.dll
0x00007ff916610000 - 0x00007ff91661b000 	C:\WINDOWS\SYSTEM32\VERSION.dll
0x00007ff91d6f0000 - 0x00007ff91d704000 	C:\WINDOWS\SYSTEM32\UMPDC.dll
0x00007ff91c660000 - 0x00007ff91c67a000 	C:\WINDOWS\SYSTEM32\kernel.appcore.dll
0x00007ff918990000 - 0x00007ff91899a000 	C:\Program Files\Android\Android Studio\jbr\bin\jimage.dll
0x00007ff9109d0000 - 0x00007ff910c11000 	C:\WINDOWS\SYSTEM32\DBGHELP.DLL
0x00007ff91eff0000 - 0x00007ff91f372000 	C:\WINDOWS\System32\combase.dll
0x00007ff91e740000 - 0x00007ff91e816000 	C:\WINDOWS\System32\OLEAUT32.dll
0x00007ff907880000 - 0x00007ff9078b9000 	C:\WINDOWS\SYSTEM32\dbgcore.DLL
0x00007ff91d9f0000 - 0x00007ff91da89000 	C:\WINDOWS\System32\bcryptPrimitives.dll
0x00007ff913620000 - 0x00007ff91362e000 	C:\Program Files\Android\Android Studio\jbr\bin\instrument.dll
0x00007ff917ed0000 - 0x00007ff917ef0000 	C:\Program Files\Android\Android Studio\jbr\bin\java.dll
0x00007ff917a90000 - 0x00007ff917aa8000 	C:\Program Files\Android\Android Studio\jbr\bin\zip.dll
0x00007ff91fc40000 - 0x00007ff920355000 	C:\WINDOWS\System32\SHELL32.dll
0x00007ff91d880000 - 0x00007ff91d9e8000 	C:\WINDOWS\System32\wintypes.dll
0x00007ff91b540000 - 0x00007ff91bd85000 	C:\WINDOWS\SYSTEM32\windows.storage.dll
0x00007ff91ef00000 - 0x00007ff91efeb000 	C:\WINDOWS\System32\SHCORE.dll
0x00007ff91e4b0000 - 0x00007ff91e50d000 	C:\WINDOWS\System32\shlwapi.dll
0x00007ff91d790000 - 0x00007ff91d7bf000 	C:\WINDOWS\SYSTEM32\profapi.dll
0x00007ff918880000 - 0x00007ff918890000 	C:\Program Files\Android\Android Studio\jbr\bin\net.dll
0x00007ff91cb60000 - 0x00007ff91cbca000 	C:\WINDOWS\system32\mswsock.dll
0x00007ff9179e0000 - 0x00007ff9179f6000 	C:\Program Files\Android\Android Studio\jbr\bin\nio.dll
0x00007ff914360000 - 0x00007ff914370000 	C:\Program Files\Android\Android Studio\jbr\bin\verify.dll
0x00007ff912af0000 - 0x00007ff912b17000 	C:\Users\yassi\.gradle\native\c067742578af261105cb4f569cf0c3c89f3d7b1fecec35dd04571415982c5e48\windows-amd64\native-platform.dll
0x00007ff8ed4f0000 - 0x00007ff8ed634000 	C:\Users\yassi\.gradle\native\100fb08df4bc3b14c8652ba06237920a3bd2aa13389f12d3474272988ae205f9\windows-amd64\native-platform-file-events.dll
0x00007ff9177c0000 - 0x00007ff9177c9000 	C:\Program Files\Android\Android Studio\jbr\bin\management.dll
0x00007ff916ce0000 - 0x00007ff916ceb000 	C:\Program Files\Android\Android Studio\jbr\bin\management_ext.dll
0x00007ff91e4a0000 - 0x00007ff91e4a8000 	C:\WINDOWS\System32\PSAPI.DLL
0x00007ff91cf10000 - 0x00007ff91cf2c000 	C:\WINDOWS\SYSTEM32\CRYPTSP.dll
0x00007ff91c5c0000 - 0x00007ff91c5fa000 	C:\WINDOWS\system32\rsaenh.dll
0x00007ff91cc00000 - 0x00007ff91cc2b000 	C:\WINDOWS\SYSTEM32\USERENV.dll
0x00007ff91d0a0000 - 0x00007ff91d0c6000 	C:\WINDOWS\SYSTEM32\bcrypt.dll
0x00007ff91cd90000 - 0x00007ff91cd9c000 	C:\WINDOWS\SYSTEM32\CRYPTBASE.dll
0x00007ff91c130000 - 0x00007ff91c163000 	C:\WINDOWS\SYSTEM32\IPHLPAPI.DLL
0x00007ff920360000 - 0x00007ff92036a000 	C:\WINDOWS\System32\NSI.dll
0x00007ff918710000 - 0x00007ff918719000 	C:\Program Files\Android\Android Studio\jbr\bin\extnet.dll
0x00007ff8f87e0000 - 0x00007ff8f87e8000 	C:\WINDOWS\system32\wshunix.dll
0x00007ff91c200000 - 0x00007ff91c325000 	C:\WINDOWS\SYSTEM32\DNSAPI.dll
0x00007ff911db0000 - 0x00007ff911dbb000 	C:\Windows\System32\rasadhlp.dll
0x00007ff913c20000 - 0x00007ff913ca5000 	C:\WINDOWS\System32\fwpuclnt.dll
0x00007ff91c780000 - 0x00007ff91c7b5000 	C:\WINDOWS\SYSTEM32\ntmarta.dll

dbghelp: loaded successfully - version: 4.0.5 - missing functions: none
symbol engine: initialized successfully - sym options: 0x614 - pdb path: .;C:\Program Files\Android\Android Studio\jbr\bin;C:\WINDOWS\SYSTEM32;C:\WINDOWS\WinSxS\amd64_microsoft.windows.common-controls_6595b64144ccf1df_6.0.26100.3323_none_3e088096e3344490;C:\Program Files\Windhawk\Engine\1.5.1\64;C:\Program Files\Android\Android Studio\jbr\bin\server;C:\Users\yassi\.gradle\native\c067742578af261105cb4f569cf0c3c89f3d7b1fecec35dd04571415982c5e48\windows-amd64;C:\Users\yassi\.gradle\native\100fb08df4bc3b14c8652ba06237920a3bd2aa13389f12d3474272988ae205f9\windows-amd64

VM Arguments:
jvm_args: --add-opens=java.base/java.lang=ALL-UNNAMED --add-opens=java.base/java.lang.invoke=ALL-UNNAMED --add-opens=java.base/java.util=ALL-UNNAMED --add-opens=java.prefs/java.util.prefs=ALL-UNNAMED --add-exports=jdk.compiler/com.sun.tools.javac.api=ALL-UNNAMED --add-exports=jdk.compiler/com.sun.tools.javac.util=ALL-UNNAMED --add-opens=java.base/java.util=ALL-UNNAMED --add-opens=java.prefs/java.util.prefs=ALL-UNNAMED --add-opens=java.base/java.nio.charset=ALL-UNNAMED --add-opens=java.base/java.net=ALL-UNNAMED --add-opens=java.base/java.util.concurrent.atomic=ALL-UNNAMED --add-opens=java.xml/javax.xml.namespace=ALL-UNNAMED -Xmx2048m -Dfile.encoding=UTF-8 -Duser.country=US -Duser.language=en -Duser.variant -javaagent:C:\Users\yassi\.gradle\wrapper\dists\gradle-8.11.1-bin\bpt9gzteqjrbo1mjrsomdt32c\gradle-8.11.1\lib\agents\gradle-instrumentation-agent-8.11.1.jar 
java_command: org.gradle.launcher.daemon.bootstrap.GradleDaemon 8.11.1
java_class_path (initial): C:\Users\yassi\.gradle\wrapper\dists\gradle-8.11.1-bin\bpt9gzteqjrbo1mjrsomdt32c\gradle-8.11.1\lib\gradle-daemon-main-8.11.1.jar
Launcher Type: SUN_STANDARD

[Global flags]
     intx CICompilerCount                          = 4                                         {product} {ergonomic}
     uint ConcGCThreads                            = 2                                         {product} {ergonomic}
     uint G1ConcRefinementThreads                  = 8                                         {product} {ergonomic}
   size_t G1HeapRegionSize                         = 1048576                                   {product} {ergonomic}
    uintx GCDrainStackTargetSize                   = 64                                        {product} {ergonomic}
   size_t InitialHeapSize                          = 100663296                                 {product} {ergonomic}
   size_t MarkStackSize                            = 4194304                                   {product} {ergonomic}
   size_t MaxHeapSize                              = 2147483648                                {product} {command line}
   size_t MaxNewSize                               = 1287651328                                {product} {ergonomic}
   size_t MinHeapDeltaBytes                        = 1048576                                   {product} {ergonomic}
   size_t MinHeapSize                              = 8388608                                   {product} {ergonomic}
    uintx NonNMethodCodeHeapSize                   = 5839372                                {pd product} {ergonomic}
    uintx NonProfiledCodeHeapSize                  = 122909434                              {pd product} {ergonomic}
    uintx ProfiledCodeHeapSize                     = 122909434                              {pd product} {ergonomic}
    uintx ReservedCodeCacheSize                    = 251658240                              {pd product} {ergonomic}
     bool SegmentedCodeCache                       = true                                      {product} {ergonomic}
   size_t SoftMaxHeapSize                          = 2147483648                             {manageable} {ergonomic}
     bool UseCompressedOops                        = true                           {product lp64_product} {ergonomic}
     bool UseG1GC                                  = true                                      {product} {ergonomic}
     bool UseLargePagesIndividualAllocation        = false                                  {pd product} {ergonomic}

Logging:
Log output configuration:
 #0: stdout all=warning uptime,level,tags foldmultilines=false
 #1: stderr all=off uptime,level,tags foldmultilines=false

Environment Variables:
PATH=C:\Program Files (x86)\VMware\VMware Workstation\bin\;C:\app\yassi\product\21c\dbhomeXE\bin;C:\Program Files\Common Files\Oracle\Java\javapath;C:\WINDOWS\system32;C:\WINDOWS;C:\WINDOWS\System32\Wbem;C:\WINDOWS\System32\WindowsPowerShell\v1.0\;C:\WINDOWS\System32\OpenSSH\;C:\Program Files\nodejs\;C:\Program Files\Git\cmd;C:\Program Files\Docker\Docker\resources\bin;C:\Program Files\mosquitto;C:\Program Files\dotnet\;C:\Users\yassi\AppData\Local\Microsoft\WindowsApps;C:\Users\yassi\AppData\Roaming\npm;C:\Users\yassi\AppData\Local\Programs\Microsoft VS Code\bin;C:\Program Files\heroku\bin;C:\Users\yassi\AppData\Local\GitHubDesktop\bin;C:\Users\yassi\AppData\Local\Programs\Ollama;C:\Users\yassi\.dotnet\tools
USERNAME=yassi
OS=Windows_NT
PROCESSOR_IDENTIFIER=AMD64 Family 23 Model 24 Stepping 1, AuthenticAMD
TMP=C:\Users\yassi\AppData\Local\Temp
TEMP=C:\Users\yassi\AppData\Local\Temp




Periodic native trim disabled

JNI global refs:
JNI global refs: 29, weak refs: 13

JNI global refs memory usage: 835, weak refs: 833

Process memory usage:
Resident Set Size: 433776K (7% of 6164744K total physical memory with 464660K free physical memory)

OOME stack traces (most recent first):
Classloader memory used:
Loader org.gradle.internal.classloader.VisitableURLClassLoader                         : 41943K
Loader bootstrap                                                                       : 33963K
Loader org.gradle.internal.classloader.VisitableURLClassLoader$InstrumentingVisitableURLClassLoader: 29045K
Loader org.gradle.initialization.MixInLegacyTypesClassLoader                           : 13243K
Loader jdk.internal.loader.ClassLoaders$PlatformClassLoader                            : 808K
Loader jdk.internal.reflect.DelegatingClassLoader                                      : 472K
Loader jdk.internal.loader.ClassLoaders$AppClassLoader                                 : 235K
Loader org.gradle.internal.classloader.VisitableURLClassLoader                         : 200K
Loader sun.reflect.misc.MethodUtil                                                     : 2992B

Classes loaded by more than one classloader:
Class Program                                                                         : loaded 5 times (x 68B)
Class Build_gradle                                                                    : loaded 3 times (x 126B)
Class Build_gradle$1                                                                  : loaded 3 times (x 70B)
Class org.gradle.internal.classloader.FilteringClassLoader                            : loaded 2 times (x 101B)
Class com.google.common.cache.LocalCache$ValueIterator                                : loaded 2 times (x 82B)
Class [Lcom.google.common.collect.MapMakerInternalMap$Segment;                        : loaded 2 times (x 65B)
Class com.google.common.io.FileWriteMode                                              : loaded 2 times (x 75B)
Class [Lcom.google.common.base.AbstractIterator$State;                                : loaded 2 times (x 65B)
Class com.google.common.base.CharMatcher$IsEither                                     : loaded 2 times (x 107B)
Class org.gradle.internal.classloader.ClassLoaderHierarchy                            : loaded 2 times (x 66B)
Class com.google.common.collect.AbstractMapBasedMultimap$WrappedCollection            : loaded 2 times (x 120B)
Class com.google.common.collect.ImmutableEnumSet                                      : loaded 2 times (x 142B)
Class com.google.common.util.concurrent.ExecutionError                                : loaded 2 times (x 78B)
Class com.google.common.collect.ImmutableList$1                                       : loaded 2 times (x 93B)
Class org.gradle.api.internal.classpath.ManifestUtil                                  : loaded 2 times (x 67B)
Class com.google.common.collect.RegularImmutableMap                                   : loaded 2 times (x 117B)
Class com.google.common.collect.ImmutableMap$MapViewOfValuesAsSingletonSets           : loaded 2 times (x 121B)
Class com.google.common.cache.LocalCache$Values                                       : loaded 2 times (x 114B)
Class com.google.common.collect.TransformedListIterator                               : loaded 2 times (x 89B)
Class com.google.common.reflect.TypeCapture                                           : loaded 2 times (x 67B)
Class [Lorg.objectweb.asm.Symbol;                                                     : loaded 2 times (x 65B)
Class org.objectweb.asm.ClassVisitor                                                  : loaded 2 times (x 84B)
Class com.google.common.collect.UnmodifiableListIterator                              : loaded 2 times (x 91B)
Class com.google.common.collect.MapMakerInternalMap$StrongKeyDummyValueEntry$LinkedStrongKeyDummyValueEntry: loaded 2 times (x 78B)
Class com.google.common.collect.MapMakerInternalMap$Strength                          : loaded 2 times (x 76B)
Class com.google.common.base.Platform$JdkPatternCompiler                              : loaded 2 times (x 71B)
Class org.objectweb.asm.MethodTooLargeException                                       : loaded 2 times (x 79B)
Class [Lcom.google.common.cache.CacheBuilder$OneWeigher;                              : loaded 2 times (x 65B)
Class com.google.common.base.Suppliers                                                : loaded 2 times (x 67B)
Class org.gradle.internal.classloader.DefaultClassLoaderFactory                       : loaded 2 times (x 78B)
Class [Lcom.google.common.collect.AbstractIterator$State;                             : loaded 2 times (x 65B)
Class com.google.common.base.CharMatcher$None                                         : loaded 2 times (x 108B)
Class org.gradle.internal.classloader.ClassLoaderVisitor                              : loaded 2 times (x 72B)
Class [Lcom.google.common.collect.ImmutableMapEntry;                                  : loaded 2 times (x 65B)
Class org.gradle.api.internal.classpath.EffectiveClassPath                            : loaded 2 times (x 86B)
Class com.google.common.collect.ImmutableRangeSet                                     : loaded 2 times (x 111B)
Class com.google.common.collect.AbstractIterator$1                                    : loaded 2 times (x 67B)
Class [Lorg.apache.commons.io.StandardLineSeparator;                                  : loaded 2 times (x 65B)
Class org.apache.commons.io.output.StringBuilderWriter                                : loaded 2 times (x 96B)
Class com.google.common.collect.ImmutableEnumMap                                      : loaded 2 times (x 121B)
Class com.google.common.collect.ListMultimap                                          : loaded 2 times (x 66B)
Class com.google.common.collect.Iterators$EmptyModifiableIterator                     : loaded 2 times (x 82B)
Class com.google.common.collect.Sets$1                                                : loaded 2 times (x 135B)
Class org.objectweb.asm.AnnotationVisitor                                             : loaded 2 times (x 74B)
Class com.google.common.base.Splitter                                                 : loaded 2 times (x 68B)
Class org.gradle.api.internal.DefaultClassPathProvider                                : loaded 2 times (x 72B)
Class com.google.common.collect.MapMakerInternalMap$Strength$1                        : loaded 2 times (x 76B)
Class com.google.common.collect.Maps$ViewCachingAbstractMap                           : loaded 2 times (x 121B)
Class com.google.common.collect.Sets$2                                                : loaded 2 times (x 135B)
Class [Lorg.gradle.api.internal.ClassPathProvider;                                    : loaded 2 times (x 65B)
Class org.gradle.api.internal.ClassPathProvider                                       : loaded 2 times (x 66B)
Class com.google.common.collect.MapMakerInternalMap$Strength$2                        : loaded 2 times (x 76B)
Class com.google.common.reflect.Types$ClassOwnership$1                                : loaded 2 times (x 76B)
Class [Lorg.objectweb.asm.AnnotationVisitor;                                          : loaded 2 times (x 65B)
Class com.google.common.collect.Sets$3                                                : loaded 2 times (x 135B)
Class com.google.common.util.concurrent.AbstractFuture$SafeAtomicHelper               : loaded 2 times (x 75B)
Class com.google.common.cache.LocalCache$LocalLoadingCache                            : loaded 2 times (x 130B)
Class com.google.common.base.AbstractIterator$State                                   : loaded 2 times (x 75B)
Class org.gradle.internal.service.UnknownServiceException                             : loaded 2 times (x 79B)
Class com.google.common.collect.MapMakerInternalMap$StrongValueEntry                  : loaded 2 times (x 66B)
Class com.google.common.reflect.Types$ClassOwnership$2                                : loaded 2 times (x 76B)
Class com.google.common.reflect.TypeResolver                                          : loaded 2 times (x 68B)
Class com.google.common.collect.Sets$4                                                : loaded 2 times (x 135B)
Class org.objectweb.asm.ModuleVisitor                                                 : loaded 2 times (x 77B)
Class com.google.common.cache.LocalCache$Strength$1                                   : loaded 2 times (x 77B)
Class com.google.common.reflect.Types$ClassOwnership$3                                : loaded 2 times (x 67B)
Class org.apache.commons.io.output.QueueOutputStream                                  : loaded 2 times (x 83B)
Class com.google.common.util.concurrent.SettableFuture                                : loaded 2 times (x 110B)
Class com.google.common.cache.LocalCache$Strength$2                                   : loaded 2 times (x 77B)
Class com.google.common.collect.Interners$InternerImpl                                : loaded 2 times (x 71B)
Class com.google.common.collect.TransformedIterator                                   : loaded 2 times (x 76B)
Class com.google.common.collect.Interner                                              : loaded 2 times (x 66B)
Class com.google.common.cache.LocalCache$Strength$3                                   : loaded 2 times (x 77B)
Class com.google.common.collect.MapDifference                                         : loaded 2 times (x 66B)
Class com.google.common.base.Splitter$1                                               : loaded 2 times (x 73B)
Class com.google.common.collect.MapMaker$Dummy                                        : loaded 2 times (x 75B)
Class com.google.common.reflect.Invokable                                             : loaded 2 times (x 99B)
Class org.objectweb.asm.FieldWriter                                                   : loaded 2 times (x 74B)
Class com.google.common.cache.CacheBuilder$NullListener                               : loaded 2 times (x 78B)
Class org.gradle.internal.classpath.TransformedClassPath                              : loaded 2 times (x 92B)
Class org.gradle.internal.classloader.InstrumentingClassLoader                        : loaded 2 times (x 66B)
Class com.google.common.collect.ImmutableRangeSet$AsSet                               : loaded 2 times (x 295B)
Class com.google.common.reflect.Types$ParameterizedTypeImpl                           : loaded 2 times (x 77B)
Class org.apache.commons.io.output.UnsynchronizedByteArrayOutputStream                : loaded 2 times (x 98B)
Class com.google.common.cache.CacheLoader$FunctionToCacheLoader                       : loaded 2 times (x 71B)
Class com.google.common.collect.Iterators$ArrayItr                                    : loaded 2 times (x 93B)
Class com.google.common.collect.ImmutableCollection$Builder                           : loaded 2 times (x 72B)
Class com.google.common.collect.BaseImmutableMultimap                                 : loaded 2 times (x 119B)
Class com.google.common.reflect.TypeResolver$TypeVariableKey                          : loaded 2 times (x 68B)
Class org.apache.commons.io.output.ByteArrayOutputStream                              : loaded 2 times (x 98B)
Class com.google.common.base.Joiner                                                   : loaded 2 times (x 75B)
Class com.google.common.base.MoreObjects                                              : loaded 2 times (x 67B)
Class [Lorg.objectweb.asm.Type;                                                       : loaded 2 times (x 65B)
Class com.google.common.collect.Platform                                              : loaded 2 times (x 67B)
Class com.google.common.collect.UnmodifiableIterator                                  : loaded 2 times (x 76B)
Class org.gradle.internal.service.ServiceLocator                                      : loaded 2 times (x 66B)
Class com.google.common.base.Ascii                                                    : loaded 2 times (x 67B)
Class com.google.common.collect.SingletonImmutableBiMap                               : loaded 2 times (x 139B)
Class com.google.common.cache.LocalCache$1                                            : loaded 2 times (x 85B)
Class com.google.common.collect.AbstractMapEntry                                      : loaded 2 times (x 77B)
Class com.google.common.collect.MapMakerInternalMap$AbstractStrongKeyEntry            : loaded 2 times (x 76B)
Class com.google.common.reflect.TypeToken$SimpleTypeToken                             : loaded 2 times (x 69B)
Class com.google.common.collect.Sets$ImprovedAbstractSet                              : loaded 2 times (x 131B)
Class com.google.common.collect.ImmutableList$Builder                                 : loaded 2 times (x 73B)
Class com.google.common.cache.LocalCache$2                                            : loaded 2 times (x 138B)
Class com.google.common.collect.AbstractMultimap                                      : loaded 2 times (x 119B)
Class com.google.common.collect.ImmutableRangeSet$1                                   : loaded 2 times (x 205B)
Class com.google.common.util.concurrent.AbstractFuture$UnsafeAtomicHelper$1           : loaded 2 times (x 72B)
Class com.google.common.collect.RegularImmutableAsList                                : loaded 2 times (x 212B)
Class com.google.common.collect.Range                                                 : loaded 2 times (x 83B)
Class com.google.common.base.Optional                                                 : loaded 2 times (x 76B)
Class com.google.common.util.concurrent.AbstractFuture$Trusted                        : loaded 2 times (x 66B)
Class com.google.common.collect.Iterators                                             : loaded 2 times (x 67B)
Class com.google.common.base.CharMatcher$RangesMatcher                                : loaded 2 times (x 108B)
Class com.google.common.io.ByteSink$AsCharSink                                        : loaded 2 times (x 76B)
Class com.google.common.util.concurrent.UncheckedExecutionException                   : loaded 2 times (x 78B)
Class com.google.common.collect.Lists$StringAsImmutableList                           : loaded 2 times (x 203B)
Class org.gradle.kotlin.dsl.VersionCatalogAccessorsKt                                 : loaded 2 times (x 67B)
Class com.google.common.collect.ImmutableSortedSetFauxverideShim                      : loaded 2 times (x 143B)
Class com.google.common.base.CharMatcher$JavaLetterOrDigit                            : loaded 2 times (x 107B)
Class org.gradle.internal.InternalTransformer                                         : loaded 2 times (x 66B)
Class com.google.common.collect.AbstractMapBasedMultimap$KeySet$1                     : loaded 2 times (x 78B)
Class org.objectweb.asm.ClassWriter                                                   : loaded 2 times (x 102B)
Class com.google.common.cache.CacheLoader$UnsupportedLoadingOperationException        : loaded 2 times (x 78B)
Class com.google.common.base.CharMatcher$And                                          : loaded 2 times (x 108B)
Class org.gradle.internal.classloader.ClasspathUtil$1                                 : loaded 2 times (x 72B)
Class com.google.common.base.Objects                                                  : loaded 2 times (x 67B)
Class com.google.common.collect.FluentIterable$1                                      : loaded 2 times (x 77B)
Class org.objectweb.asm.FieldVisitor                                                  : loaded 2 times (x 73B)
Class com.google.common.collect.IndexedImmutableSet                                   : loaded 2 times (x 146B)
Class com.google.common.collect.ImmutableMap$1                                        : loaded 2 times (x 77B)
Class com.google.common.collect.BiMap                                                 : loaded 2 times (x 66B)
Class org.gradle.api.internal.classpath.DefaultModuleRegistry$DefaultModule           : loaded 2 times (x 82B)
Class com.google.common.reflect.Reflection                                            : loaded 2 times (x 67B)
Class com.google.common.collect.RegularImmutableMap$KeySet                            : loaded 2 times (x 146B)
Class com.google.common.collect.FluentIterable$2                                      : loaded 2 times (x 77B)
Class com.google.common.primitives.Ints                                               : loaded 2 times (x 67B)
Class com.google.common.collect.AbstractIterator                                      : loaded 2 times (x 78B)
Class com.google.common.collect.FluentIterable$3                                      : loaded 2 times (x 77B)
Class com.google.common.math.MathPreconditions                                        : loaded 2 times (x 67B)
Class com.google.common.collect.Multiset                                              : loaded 2 times (x 66B)
Class com.google.common.collect.ArrayListMultimapGwtSerializationDependencies         : loaded 2 times (x 168B)
Class com.google.common.collect.ObjectArrays                                          : loaded 2 times (x 67B)
Class com.google.common.collect.AbstractIndexedListIterator                           : loaded 2 times (x 92B)
Class org.apache.commons.io.output.NullOutputStream                                   : loaded 2 times (x 81B)
Class com.google.common.collect.ImmutableMapEntrySet                                  : loaded 2 times (x 147B)
Class org.gradle.api.internal.classpath.Module                                        : loaded 2 times (x 66B)
Class com.google.common.cache.Weigher                                                 : loaded 2 times (x 66B)
Class org.gradle.api.internal.classpath.UnknownModuleException                        : loaded 2 times (x 78B)
Class com.google.common.base.Stopwatch                                                : loaded 2 times (x 68B)
Class com.google.common.cache.LocalCache$Strength                                     : loaded 2 times (x 77B)
Class com.google.common.cache.Cache                                                   : loaded 2 times (x 66B)
Class com.google.common.io.Files$2                                                    : loaded 2 times (x 72B)
Class org.apache.commons.io.filefilter.IOFileFilter                                   : loaded 2 times (x 66B)
Class com.google.common.util.concurrent.AbstractFuture$Cancellation                   : loaded 2 times (x 68B)
Class com.google.common.collect.ImmutableMap$Builder                                  : loaded 2 times (x 78B)
Class com.google.common.base.NullnessCasts                                            : loaded 2 times (x 67B)
Class com.google.common.collect.AbstractMapBasedMultimap$WrappedCollection$WrappedIterator: loaded 2 times (x 80B)
Class com.google.common.base.Present                                                  : loaded 2 times (x 77B)
Class com.google.common.cache.RemovalListener                                         : loaded 2 times (x 66B)
Class org.gradle.api.internal.DefaultClassPathRegistry                                : loaded 2 times (x 72B)
Class com.google.common.reflect.Invokable$ConstructorInvokable                        : loaded 2 times (x 103B)
Class com.google.common.primitives.IntsMethodsForWeb                                  : loaded 2 times (x 67B)
Class com.google.common.collect.Multimap                                              : loaded 2 times (x 66B)
Class org.gradle.api.internal.ClassPathRegistry                                       : loaded 2 times (x 66B)
Class org.gradle.internal.classpath.DefaultClassPath$ImmutableUniqueList              : loaded 2 times (x 195B)
Class com.google.common.collect.MapMakerInternalMap$Segment                           : loaded 2 times (x 138B)
Class com.google.common.base.ExtraObjectsMethodsForWeb                                : loaded 2 times (x 67B)
Class com.google.common.reflect.TypeToken                                             : loaded 2 times (x 69B)
Class org.apache.commons.io.IOUtils                                                   : loaded 2 times (x 67B)
Class com.google.common.base.Equivalence$Identity                                     : loaded 2 times (x 78B)
Class com.google.common.io.ByteSink                                                   : loaded 2 times (x 72B)
Class com.google.common.cache.CacheBuilder                                            : loaded 2 times (x 68B)
Class com.google.common.collect.SingletonImmutableList                                : loaded 2 times (x 203B)
Class Settings_gradle$1                                                               : loaded 2 times (x 70B)
Class org.gradle.internal.classpath.ClassPath                                         : loaded 2 times (x 66B)
Class org.gradle.api.UncheckedIOException                                             : loaded 2 times (x 78B)
Class com.google.common.collect.Interners$InternerBuilder                             : loaded 2 times (x 72B)
Class com.google.common.io.Files$FileByteSource                                       : loaded 2 times (x 81B)
Class [Lcom.google.common.reflect.Types$JavaVersion;                                  : loaded 2 times (x 65B)
Class com.google.common.collect.ImmutableList$ReverseImmutableList                    : loaded 2 times (x 204B)
Class com.google.common.base.JdkPattern                                               : loaded 2 times (x 71B)
Class org.objectweb.asm.SymbolTable$Entry                                             : loaded 2 times (x 70B)
Class com.google.common.util.concurrent.AbstractFuture$AtomicHelper                   : loaded 2 times (x 74B)
Class org.objectweb.asm.Edge                                                          : loaded 2 times (x 68B)
Class com.google.common.base.Suppliers$SupplierOfInstance                             : loaded 2 times (x 75B)
Class com.google.common.collect.Iterators$1                                           : loaded 2 times (x 77B)
Class com.google.common.reflect.TypeToken$1                                           : loaded 2 times (x 106B)
Class com.google.common.cache.LocalCache$ComputingValueReference                      : loaded 2 times (x 92B)
Class com.google.common.collect.SingletonImmutableSet                                 : loaded 2 times (x 142B)
Class com.google.common.collect.ImmutableMap$IteratorBasedImmutableMap                : loaded 2 times (x 121B)
Class com.google.common.reflect.TypeToken$2                                           : loaded 2 times (x 106B)
Class com.google.common.cache.LocalCache$Segment                                      : loaded 2 times (x 150B)
Class com.google.common.collect.SortedIterable                                        : loaded 2 times (x 66B)
Class [Lorg.objectweb.asm.SymbolTable$Entry;                                          : loaded 2 times (x 65B)
Class com.google.common.cache.CacheLoader                                             : loaded 2 times (x 70B)
Class com.google.common.collect.Iterators$4                                           : loaded 2 times (x 78B)
Class com.google.common.collect.ImmutableBiMap                                        : loaded 2 times (x 139B)
Class com.google.common.collect.AbstractListMultimap                                  : loaded 2 times (x 168B)
Class org.gradle.internal.installation.GradleInstallation$1                           : loaded 2 times (x 71B)
Class org.gradle.api.internal.classpath.ModuleRegistry                                : loaded 2 times (x 66B)
Class org.apache.commons.io.output.NullWriter                                         : loaded 2 times (x 95B)
Class com.google.common.util.concurrent.internal.InternalFutureFailureAccess          : loaded 2 times (x 68B)
Class com.google.common.collect.Iterators$5                                           : loaded 2 times (x 78B)
Class com.google.common.collect.ImmutableSet$JdkBackedSetBuilderImpl                  : loaded 2 times (x 72B)
Class com.google.common.base.Splitter$SplittingIterator                               : loaded 2 times (x 80B)
Class com.google.common.io.Closer$SuppressingSuppressor                               : loaded 2 times (x 71B)
Class com.google.common.util.concurrent.AbstractFuture$UnsafeAtomicHelper             : loaded 2 times (x 74B)
Class com.google.common.cache.LocalCache$LocalManualCache$1                           : loaded 2 times (x 71B)
Class com.google.common.base.CharMatcher$ForPredicate                                 : loaded 2 times (x 108B)
Class com.google.common.collect.ImmutableCollection                                   : loaded 2 times (x 121B)
Class com.google.common.base.CharMatcher$AnyOf                                        : loaded 2 times (x 108B)
Class org.gradle.api.internal.classpath.DefaultModuleRegistry                         : loaded 2 times (x 82B)
Class com.google.common.util.concurrent.ListenableFuture                              : loaded 2 times (x 66B)
Class com.google.common.cache.ReferenceEntry                                          : loaded 2 times (x 66B)
Class com.google.common.collect.ImmutableSet$CachingAsList                            : loaded 2 times (x 143B)
Class com.google.common.base.Converter                                                : loaded 2 times (x 86B)
Class com.google.common.collect.Lists                                                 : loaded 2 times (x 67B)
Class com.google.common.base.CharMatcher$Any                                          : loaded 2 times (x 108B)
Class com.google.common.util.concurrent.AbstractFuture                                : loaded 2 times (x 102B)
Class com.google.common.base.FunctionalEquivalence                                    : loaded 2 times (x 79B)
Class com.google.common.collect.Iterators$9                                           : loaded 2 times (x 77B)
Class com.google.common.collect.AbstractMapBasedMultimap                              : loaded 2 times (x 135B)
Class com.google.common.collect.ImmutableAsList                                       : loaded 2 times (x 205B)
Class com.google.common.reflect.TypeResolver$TypeTable                                : loaded 2 times (x 69B)
Class org.objectweb.asm.RecordComponentVisitor                                        : loaded 2 times (x 73B)
Class com.google.common.cache.CacheLoader$SupplierToCacheLoader                       : loaded 2 times (x 71B)
Class com.google.common.reflect.TypeResolver$TypeTable$1                              : loaded 2 times (x 69B)
Class com.google.common.collect.Maps$EntryTransformer                                 : loaded 2 times (x 66B)
Class org.gradle.internal.service.ServiceLookupException                              : loaded 2 times (x 78B)
Class com.google.common.collect.ImmutableSortedSet                                    : loaded 2 times (x 295B)
Class [Lcom.google.common.cache.LocalCache$EntryFactory;                              : loaded 2 times (x 65B)
Class com.google.common.base.CharMatcher$JavaLetter                                   : loaded 2 times (x 107B)
Class org.gradle.internal.classloader.ClassLoaderFactory                              : loaded 2 times (x 66B)
Class com.google.common.collect.ImmutableMap$SerializedForm                           : loaded 2 times (x 69B)
Class org.apache.commons.io.CloseableURLConnection                                    : loaded 2 times (x 112B)
Class com.google.common.cache.LocalCache$LocalManualCache                             : loaded 2 times (x 95B)
Class com.google.common.base.CharMatcher$IsNot                                        : loaded 2 times (x 107B)
Class com.google.common.base.CommonPattern                                            : loaded 2 times (x 70B)
Class org.gradle.internal.service.CachingServiceLocator                               : loaded 2 times (x 78B)
Class com.google.common.collect.RegularImmutableSortedSet                             : loaded 2 times (x 295B)
Class com.google.common.collect.AbstractMapBasedMultimap$KeySet                       : loaded 2 times (x 133B)
Class com.google.common.math.IntMath                                                  : loaded 2 times (x 67B)
Class com.google.common.collect.MapMakerInternalMap$InternalEntry                     : loaded 2 times (x 66B)
Class com.google.common.reflect.Types$TypeVariableInvocationHandler                   : loaded 2 times (x 71B)
Class com.google.common.collect.Iterators$10                                          : loaded 2 times (x 77B)
Class com.google.common.collect.ImmutableMapEntry                                     : loaded 2 times (x 81B)
Class com.google.common.base.CharMatcher$JavaDigit                                    : loaded 2 times (x 107B)
Class com.google.common.collect.ImmutableMultimap                                     : loaded 2 times (x 143B)
Class com.google.common.base.Equivalence                                              : loaded 2 times (x 78B)
Class com.google.common.collect.ImmutableMapEntry$NonTerminalImmutableMapEntry        : loaded 2 times (x 81B)
Class com.google.common.base.Function                                                 : loaded 2 times (x 66B)
Class org.apache.commons.io.output.AbstractByteArrayOutputStream                      : loaded 2 times (x 98B)
Class com.google.common.cache.CacheBuilder$OneWeigher                                 : loaded 2 times (x 78B)
Class com.google.common.collect.RegularImmutableList                                  : loaded 2 times (x 208B)
Class com.google.common.reflect.Types$ClassOwnership$1LocalClass                      : loaded 2 times (x 67B)
Class com.google.common.collect.ImmutableBiMapFauxverideShim                          : loaded 2 times (x 116B)
Class org.gradle.internal.classloader.ClasspathUtil                                   : loaded 2 times (x 67B)
Class com.google.common.base.Charsets                                                 : loaded 2 times (x 67B)
Class com.google.common.util.concurrent.Uninterruptibles                              : loaded 2 times (x 67B)
Class com.google.common.collect.Maps                                                  : loaded 2 times (x 67B)
Class com.google.common.base.CharMatcher$JavaUpperCase                                : loaded 2 times (x 107B)
Class org.gradle.api.specs.Spec                                                       : loaded 2 times (x 66B)
Class com.google.common.collect.MapMaker                                              : loaded 2 times (x 68B)
Class org.apache.commons.io.file.PathFilter                                           : loaded 2 times (x 66B)
Class com.google.common.reflect.Types$JavaVersion                                     : loaded 2 times (x 79B)
Class [Lcom.google.common.collect.ImmutableEntry;                                     : loaded 2 times (x 65B)
Class com.google.common.cache.LocalCache$LoadingValueReference                        : loaded 2 times (x 92B)
Class com.google.common.base.Absent                                                   : loaded 2 times (x 76B)
Class com.google.common.collect.MapMakerInternalMap$StrongKeyDummyValueEntry          : loaded 2 times (x 78B)
Class com.google.common.reflect.Invokable$MethodInvokable                             : loaded 2 times (x 103B)
Class com.google.common.base.Platform                                                 : loaded 2 times (x 67B)
Class com.google.common.collect.AbstractMapBasedMultimap$WrappedList                  : loaded 2 times (x 201B)
Class [Lorg.objectweb.asm.AnnotationWriter;                                           : loaded 2 times (x 65B)
Class com.google.common.primitives.Ints$IntConverter                                  : loaded 2 times (x 86B)
Class com.google.common.collect.Maps$8                                                : loaded 2 times (x 78B)
Class [Lcom.google.common.collect.Iterators$EmptyModifiableIterator;                  : loaded 2 times (x 65B)
Class com.google.common.collect.ImmutableRangeSet$Builder                             : loaded 2 times (x 73B)
Class com.google.common.collect.Sets$SetView                                          : loaded 2 times (x 134B)
Class com.google.common.cache.LocalCache$StrongValueReference                         : loaded 2 times (x 86B)
Class com.google.common.util.concurrent.AbstractFuture$SynchronizedHelper             : loaded 2 times (x 74B)
Class com.google.common.base.CharMatcher$Invisible                                    : loaded 2 times (x 108B)
Class com.google.common.graph.SuccessorsFunction                                      : loaded 2 times (x 66B)
Class org.objectweb.asm.Type                                                          : loaded 2 times (x 68B)
Class org.gradle.internal.classloader.VisitableURLClassLoader$InstrumentingVisitableURLClassLoader: loaded 2 times (x 119B)
Class com.google.common.collect.MapMakerInternalMap$StrongKeyDummyValueEntry$Helper   : loaded 2 times (x 75B)
Class com.google.common.io.Files$FileByteSink                                         : loaded 2 times (x 73B)
Class org.objectweb.asm.ByteVector                                                    : loaded 2 times (x 75B)
Class [Lcom.google.common.cache.CacheBuilder$NullListener;                            : loaded 2 times (x 65B)
Class com.google.common.math.IntMath$1                                                : loaded 2 times (x 67B)
Class org.gradle.internal.classloader.VisitableURLClassLoader$Spec                    : loaded 2 times (x 70B)
Class org.gradle.internal.classpath.DefaultClassPath                                  : loaded 2 times (x 86B)
Class com.google.common.reflect.Types$ClassOwnership                                  : loaded 2 times (x 76B)
Class org.objectweb.asm.Symbol                                                        : loaded 2 times (x 69B)
Class com.google.common.base.AbstractIterator                                         : loaded 2 times (x 76B)
Class com.google.common.io.Closer                                                     : loaded 2 times (x 74B)
Class com.google.common.collect.ImmutableSet                                          : loaded 2 times (x 141B)
Class com.google.common.collect.RegularImmutableMap$Values                            : loaded 2 times (x 203B)
Class com.google.common.base.CharMatcher$BitSetMatcher                                : loaded 2 times (x 108B)
Class com.google.common.base.CharMatcher$Ascii                                        : loaded 2 times (x 108B)
Class org.gradle.internal.classloader.ClassLoaderSpec                                 : loaded 2 times (x 67B)
Class org.objectweb.asm.AnnotationWriter                                              : loaded 2 times (x 75B)
Class com.google.common.cache.CacheStats                                              : loaded 2 times (x 67B)
Class com.google.common.collect.Interners                                             : loaded 2 times (x 67B)
Class com.google.common.io.LineProcessor                                              : loaded 2 times (x 66B)
Class com.google.common.io.Closer$Suppressor                                          : loaded 2 times (x 66B)
Class org.objectweb.asm.RecordComponentWriter                                         : loaded 2 times (x 74B)
Class com.google.common.util.concurrent.AbstractFuture$Listener                       : loaded 2 times (x 68B)
Class com.google.common.base.CharMatcher$Or                                           : loaded 2 times (x 108B)
Class Settings_gradle$1$1                                                             : loaded 2 times (x 70B)
Class org.objectweb.asm.Attribute                                                     : loaded 2 times (x 73B)
Class com.google.common.base.Supplier                                                 : loaded 2 times (x 66B)
Class org.gradle.internal.classloader.VisitableURLClassLoader                         : loaded 2 times (x 113B)
Class com.google.common.collect.ImmutableList$SerializedForm                          : loaded 2 times (x 69B)
Class com.google.common.util.concurrent.AbstractFuture$Waiter                         : loaded 2 times (x 68B)
Class Settings_gradle                                                                 : loaded 2 times (x 124B)
Class org.gradle.internal.Cast                                                        : loaded 2 times (x 67B)
Class org.gradle.api.Action                                                           : loaded 2 times (x 66B)
Class com.google.common.collect.MapMakerInternalMap                                   : loaded 2 times (x 157B)
Class com.google.common.base.Strings                                                  : loaded 2 times (x 67B)
Class com.google.common.collect.Sets                                                  : loaded 2 times (x 67B)
Class org.objectweb.asm.Handler                                                       : loaded 2 times (x 68B)
Class com.google.common.base.Ticker                                                   : loaded 2 times (x 68B)
Class com.google.common.base.CharMatcher$FastMatcher                                  : loaded 2 times (x 107B)
Class [Lcom.google.common.cache.LocalCache$Segment;                                   : loaded 2 times (x 65B)
Class [Lcom.google.common.cache.LocalCache$Strength;                                  : loaded 2 times (x 65B)
Class com.google.common.cache.CacheBuilder$1                                          : loaded 2 times (x 81B)
Class com.google.common.collect.ImmutableMap                                          : loaded 2 times (x 116B)
Class com.google.common.base.Predicate                                                : loaded 2 times (x 66B)
Class org.gradle.internal.classpath.DefaultClassPath$ImmutableUniqueList$Builder      : loaded 2 times (x 71B)
Class com.google.common.collect.MapMakerInternalMap$WeakValueReference                : loaded 2 times (x 66B)
Class com.google.common.collect.AbstractRangeSet                                      : loaded 2 times (x 110B)
Class com.google.common.cache.LocalCache                                              : loaded 2 times (x 183B)
Class com.google.common.cache.CacheBuilder$2                                          : loaded 2 times (x 68B)
Class com.google.common.base.CharMatcher$NegatedFastMatcher                           : loaded 2 times (x 109B)
Class [Lcom.google.common.collect.AbstractMapEntry;                                   : loaded 2 times (x 65B)
Class com.google.common.collect.ImmutableEntry                                        : loaded 2 times (x 78B)
Class com.google.common.collect.ArrayListMultimap                                     : loaded 2 times (x 168B)
Class com.google.common.base.AbstractIterator$1                                       : loaded 2 times (x 67B)
Class com.google.common.base.CharMatcher$Digit                                        : loaded 2 times (x 108B)
Class org.gradle.api.GradleException                                                  : loaded 2 times (x 78B)
Class org.apache.commons.io.StandardLineSeparator                                     : loaded 2 times (x 75B)
Class com.google.common.collect.CollectPreconditions                                  : loaded 2 times (x 67B)
Class com.google.common.base.CharMatcher$JavaIsoControl                               : loaded 2 times (x 108B)
Class [Lcom.google.common.collect.MapMakerInternalMap$Strength;                       : loaded 2 times (x 65B)
Class [Lcom.google.common.io.FileWriteMode;                                           : loaded 2 times (x 65B)
Class com.google.common.collect.SortedMapDifference                                   : loaded 2 times (x 66B)
Class com.google.common.base.CharMatcher$JavaLowerCase                                : loaded 2 times (x 107B)
Class com.google.common.collect.MapMakerInternalMap$StrongKeyDummyValueSegment        : loaded 2 times (x 138B)
Class com.google.common.cache.LocalCache$WriteThroughEntry                            : loaded 2 times (x 75B)
Class com.google.common.cache.LocalCache$HashIterator                                 : loaded 2 times (x 82B)
Class com.google.common.io.Files                                                      : loaded 2 times (x 67B)
Class com.google.common.collect.Iterables$4                                           : loaded 2 times (x 77B)
Class com.google.common.cache.LocalCache$EntryFactory                                 : loaded 2 times (x 79B)
Class [Lcom.google.common.collect.MapMaker$Dummy;                                     : loaded 2 times (x 65B)
Class com.google.common.reflect.Types$NativeTypeVariableEquals                        : loaded 2 times (x 67B)
Class com.google.common.reflect.TypeParameter                                         : loaded 2 times (x 68B)
Class com.google.common.cache.LocalCache$AbstractReferenceEntry                       : loaded 2 times (x 103B)
Class com.google.common.base.Splitter$1$1                                             : loaded 2 times (x 82B)
Class com.google.common.base.CharMatcher$Whitespace                                   : loaded 2 times (x 108B)
Class org.gradle.internal.IoActions                                                   : loaded 2 times (x 67B)
Class com.google.common.collect.ImmutableMapKeySet                                    : loaded 2 times (x 146B)
Class com.google.common.collect.ImmutableRangeSet$ComplementRanges                    : loaded 2 times (x 203B)
Class org.objectweb.asm.SymbolTable                                                   : loaded 2 times (x 68B)
Class com.google.common.cache.CacheLoader$InvalidCacheLoadException                   : loaded 2 times (x 78B)
Class com.google.common.collect.ImmutableSet$RegularSetBuilderImpl                    : loaded 2 times (x 73B)
Class com.google.common.base.CharMatcher$SingleWidth                                  : loaded 2 times (x 108B)
Class org.gradle.internal.classloader.SystemClassLoaderSpec                           : loaded 2 times (x 67B)
Class com.google.common.collect.FluentIterable                                        : loaded 2 times (x 77B)
Class com.google.common.cache.LocalCache$StrongEntry                                  : loaded 2 times (x 104B)
Class com.google.common.util.concurrent.AbstractFuture$TrustedFuture                  : loaded 2 times (x 110B)
Class com.google.common.cache.LoadingCache                                            : loaded 2 times (x 66B)
Class org.objectweb.asm.MethodWriter                                                  : loaded 2 times (x 102B)
Class [Lcom.google.common.cache.Weigher;                                              : loaded 2 times (x 65B)
Class com.google.common.collect.RegularImmutableMap$BucketOverflowException           : loaded 2 times (x 78B)
Class com.google.common.collect.AbstractMapBasedMultimap$RandomAccessWrappedList      : loaded 2 times (x 201B)
Class com.google.common.reflect.Types$JavaVersion$1                                   : loaded 2 times (x 79B)
Class com.google.common.collect.AbstractIterator$State                                : loaded 2 times (x 75B)
Class com.google.common.collect.RegularImmutableBiMap                                 : loaded 2 times (x 144B)
Class com.google.common.cache.LocalCache$ValueReference                               : loaded 2 times (x 66B)
Class com.google.common.base.CharMatcher$Negated                                      : loaded 2 times (x 109B)
Class com.google.common.base.CharMatcher$Is                                           : loaded 2 times (x 107B)
Class com.google.common.reflect.Types$JavaVersion$2                                   : loaded 2 times (x 79B)
Class com.google.common.reflect.Types                                                 : loaded 2 times (x 67B)
Class com.google.common.base.PatternCompiler                                          : loaded 2 times (x 66B)
Class com.google.common.util.concurrent.AbstractFuture$Failure                        : loaded 2 times (x 68B)
Class com.google.common.base.Equivalence$Equals                                       : loaded 2 times (x 78B)
Class com.google.common.collect.Hashing                                               : loaded 2 times (x 67B)
Class com.google.common.base.Preconditions                                            : loaded 2 times (x 67B)
Class com.google.common.collect.ImmutableSetMultimap                                  : loaded 2 times (x 176B)
Class com.google.common.io.CharSink                                                   : loaded 2 times (x 75B)
Class com.google.common.reflect.Types$JavaVersion$3                                   : loaded 2 times (x 79B)
Class com.google.common.base.Joiner$1                                                 : loaded 2 times (x 76B)
Class org.objectweb.asm.Label                                                         : loaded 2 times (x 69B)
Class org.objectweb.asm.CurrentFrame                                                  : loaded 2 times (x 69B)
Class org.objectweb.asm.ClassTooLargeException                                        : loaded 2 times (x 79B)
Class com.google.common.collect.PeekingIterator                                       : loaded 2 times (x 66B)
Class com.google.common.base.CharMatcher                                              : loaded 2 times (x 107B)
Class com.google.common.collect.MapMakerInternalMap$InternalEntryHelper               : loaded 2 times (x 66B)
Class com.google.common.collect.Maps$IteratorBasedAbstractMap                         : loaded 2 times (x 121B)
Class com.google.common.collect.RangeGwtSerializationDependencies                     : loaded 2 times (x 67B)
Class com.google.common.collect.Table                                                 : loaded 2 times (x 66B)
Class com.google.common.reflect.Types$JavaVersion$4                                   : loaded 2 times (x 79B)
Class com.google.common.base.Joiner$2                                                 : loaded 2 times (x 75B)
Class org.objectweb.asm.Frame                                                         : loaded 2 times (x 69B)
Class org.objectweb.asm.MethodVisitor                                                 : loaded 2 times (x 101B)
Class com.google.common.cache.LocalCache$EntryFactory$1                               : loaded 2 times (x 79B)
Class [Lcom.google.common.cache.RemovalListener;                                      : loaded 2 times (x 65B)
Class com.google.common.base.CharMatcher$1                                            : loaded 2 times (x 109B)
Class com.google.common.base.CharMatcher$NamedFastMatcher                             : loaded 2 times (x 108B)
Class com.google.common.collect.RangeSet                                              : loaded 2 times (x 66B)
Class com.google.common.reflect.Types$JavaVersion$5                                   : loaded 2 times (x 67B)
Class [Lcom.google.common.reflect.Types$ClassOwnership;                               : loaded 2 times (x 65B)
Class com.google.common.cache.LocalCache$EntryFactory$2                               : loaded 2 times (x 79B)
Class org.gradle.api.internal.classpath.GlobalCacheRootsProvider                      : loaded 2 times (x 66B)
Class com.google.common.collect.CollectCollectors                                     : loaded 2 times (x 67B)
Class org.objectweb.asm.ModuleWriter                                                  : loaded 2 times (x 78B)
Class com.google.common.cache.LocalCache$EntryFactory$3                               : loaded 2 times (x 79B)
Class com.google.common.base.Ticker$1                                                 : loaded 2 times (x 68B)
Class com.google.common.collect.ImmutableMapEntrySet$RegularEntrySet                  : loaded 2 times (x 147B)
Class com.google.common.collect.Maps$BiMapConverter                                   : loaded 2 times (x 86B)
Class com.google.common.collect.SetMultimap                                           : loaded 2 times (x 66B)
Class com.google.common.cache.LocalCache$EntryFactory$4                               : loaded 2 times (x 79B)
Class com.google.common.collect.ImmutableSet$Builder                                  : loaded 2 times (x 81B)
Class com.google.common.base.CharMatcher$InRange                                      : loaded 2 times (x 107B)
Class com.google.common.cache.LocalCache$EntryFactory$5                               : loaded 2 times (x 79B)
Class com.google.common.base.PairwiseEquivalence                                      : loaded 2 times (x 79B)
Class org.apache.commons.io.output.AppendableWriter                                   : loaded 2 times (x 96B)
Class com.google.common.cache.LocalCache$EntryFactory$6                               : loaded 2 times (x 79B)
Class org.gradle.internal.installation.CurrentGradleInstallationLocator               : loaded 2 times (x 67B)
Class org.apache.commons.io.output.ThresholdingOutputStream                           : loaded 2 times (x 91B)
Class com.google.common.collect.Maps$KeySet                                           : loaded 2 times (x 133B)
Class com.google.common.cache.LocalCache$EntryFactory$7                               : loaded 2 times (x 79B)
Class com.google.common.collect.ImmutableSet$EmptySetBuilderImpl                      : loaded 2 times (x 72B)
Class com.google.common.collect.ImmutableList                                         : loaded 2 times (x 202B)
Class org.gradle.internal.service.DefaultServiceLocator                               : loaded 2 times (x 79B)
Class com.google.common.cache.LocalCache$SoftValueReference                           : loaded 2 times (x 93B)
Class com.google.common.collect.Maps$EntrySet                                         : loaded 2 times (x 132B)
Class com.google.common.cache.LocalCache$EntryFactory$8                               : loaded 2 times (x 79B)
Class com.google.common.collect.ImmutableSet$SetBuilderImpl                           : loaded 2 times (x 72B)
Class org.gradle.internal.installation.CurrentGradleInstallation                      : loaded 2 times (x 69B)
Class com.google.common.cache.CacheLoader$1                                           : loaded 2 times (x 71B)
Class com.google.common.collect.ForwardingObject                                      : loaded 2 times (x 68B)
Class com.google.common.collect.ImmutableList$SubList                                 : loaded 2 times (x 204B)
Class org.gradle.util.internal.GUtil                                                  : loaded 2 times (x 67B)
Class com.google.common.io.ByteSource                                                 : loaded 2 times (x 80B)
Class com.google.common.util.concurrent.AbstractFuture$SetFuture                      : loaded 2 times (x 71B)
Class com.google.common.cache.AbstractCache$StatsCounter                              : loaded 2 times (x 66B)
Class com.google.common.collect.MapMakerInternalMap$1                                 : loaded 2 times (x 79B)
Class com.google.common.reflect.Types$TypeVariableImpl                                : loaded 2 times (x 68B)
Class com.google.common.collect.Iterators$MergingIterator                             : loaded 2 times (x 77B)
Class com.google.common.collect.RegularImmutableSet                                   : loaded 2 times (x 144B)
Class org.gradle.internal.installation.GradleInstallation                             : loaded 2 times (x 71B)
Class com.google.common.collect.Iterables                                             : loaded 2 times (x 67B)
Class com.google.common.base.Splitter$Strategy                                        : loaded 2 times (x 66B)

---------------  S Y S T E M  ---------------

OS:
 Windows 11 , 64 bit Build 26100 (10.0.26100.3323)
OS uptime: 6 days 1:51 hours
Hyper-V role detected

CPU: total 8 (initial active 8) (8 cores per cpu, 2 threads per core) family 23 model 24 stepping 1 microcode 0x8108109, cx8, cmov, fxsr, ht, mmx, 3dnowpref, sse, sse2, sse3, ssse3, sse4a, sse4.1, sse4.2, popcnt, lzcnt, tsc, tscinvbit, avx, avx2, aes, clmul, bmi1, bmi2, adx, sha, fma, vzeroupper, clflush, clflushopt, hv, rdtscp, f16c
Processor Information for all 8 processors :
  Max Mhz: 2100, Current Mhz: 2100, Mhz Limit: 2100

Memory: 4k page, system-wide physical 6020M (469M free)
TotalPageFile size 24452M (AvailPageFile size 3M)
current process WorkingSet (physical memory assigned to process): 424M, peak: 492M
current process commit charge ("private bytes"): 638M, peak: 641M

vm_info: OpenJDK 64-Bit Server VM (21.0.5+-12932927-b750.29) for windows-amd64 JRE (21.0.5+-12932927-b750.29), built on 2025-01-17T02:01:10Z by "builder" with MS VC++ 16.10 / 16.11 (VS2019)

END.
